total_kills,total_deaths,total_time_played,total_planted_bombs,total_defused_bombs,total_wins,total_damage_done,total_money_earned,total_shots_hit,total_shots_fired,total_rounds_played,total_mvps,total_wins_pistolround,total_matches_won,total_matches_played,total_kills_ak47,total_kills_m4a1,total_kills_awp,total_kills_glock,total_kills_knife,total_kills_hegrenade,high_performer
17963,16742,1829388,1273,471,315,1743735,58666038,19385,79701,16726,85,343,315,602,5035,3087,1611,2196,630,722,0
16475,15716,2936154,1415,492,371,1617922,41398663,13836,58363,16857,60,454,371,720,3518,3015,1424,2380,549,1040,1
30670,31941,4141391,2706,1332,609,3233919,102191080,24758,115130,31250,112,830,609,1253,7168,7877,2290,2820,834,1638,0
23824,20548,1981535,1835,1026,360,2159178,50004709,19376,73159,17357,97,395,360,652,5275,3537,2412,2522,980,1431,0
35377,33023,5016965,5016,1603,753,3842712,119432855,31630,130268,33959,83,868,753,1438,10590,5402,3166,3872,1237,1457,1
23462,25668,5627623,1961,1982,634,1949623,95929934,23509,115516,29462,151,749,634,1347,5941,5612,1608,2842,562,1300,0
55366,63707,6170774,7484,3350,957,6177679,154636293,44923,233653,55844,126,690,957,2098,12696,8471,3462,6251,1153,2562,1
61757,68113,6446521,7090,2813,1078,7340565,210526520,67423,334328,60130,151,1391,1078,2300,14501,9593,4172,6350,1449,2639,1
43847,39531,4650575,2411,1988,867,4346296,94566063,40152,159148,37571,256,942,867,1618,13386,7278,4146,4931,1650,2041,1
18136,21005,2520228,3384,661,426,1945940,87562194,16413,86005,24768,121,516,426,938,4082,2938,1120,2460,370,1117,0
32399,35585,4145201,3589,1621,613,3430221,98507986,26651,131540,32946,174,876,613,1305,5987,4919,2205,3031,768,1933,1
26216,24157,3098004,2167,1423,573,2223993,80058291,22048,89519,28157,95,598,573,1085,8473,6751,2395,3191,942,1157,0
49219,42969,6822262,6518,2698,1324,4364124,197048876,56116,214712,49575,230,1408,1324,2414,11614,10670,4891,5887,1977,2275,1
15819,17569,2315707,2072,1051,354,1876908,71765526,16920,84567,19127,64,504,354,759,4540,3935,1055,1912,364,783,0
26358,30596,5705734,2961,1978,676,2174698,120922463,30957,162620,36058,123,474,676,1490,5665,6202,1621,4069,535,1329,0
24306,24384,3324638,2637,990,512,2304308,71442584,25932,115670,22685,143,391,512,1028,7852,4300,1933,3508,723,1547,1
19004,19375,2778096,1856,1736,466,1622674,49529712,16755,76088,24189,127,551,466,946,3538,3843,1471,1602,544,934,0
31017,32098,5598802,5205,2706,808,2502029,135947196,29566,136520,39603,217,762,808,1654,7672,4382,2341,3793,857,1279,1
38964,40858,5977882,4876,2679,776,4273148,133480479,33983,159243,43891,158,538,776,1603,10019,9561,2876,4616,1042,2157,0
33423,33763,5694848,5576,1796,716,3528925,136957186,29181,131162,41134,146,757,716,1442,8871,5741,2628,3355,979,1347,1
14798,16973,1984693,1812,1068,280,1244790,36301700,17475,90571,16893,64,355,280,613,3128,2125,930,1626,311,686,0
41420,45444,5577838,7360,4110,1082,3562102,147028212,36803,181421,56334,145,745,1082,2301,11712,9700,2824,4424,985,2639,0
24354,24895,4324421,2980,625,474,2563386,47372671,24716,112572,23605,135,609,474,962,7327,3768,1877,2443,693,1519,1
24787,23465,2454014,2743,672,446,2718781,92405858,25507,106693,25719,131,585,446,860,5512,4560,2169,2923,841,1308,0
5229,5490,635490,391,391,95,496170,17286948,4576,21480,5284,9,109,95,197,1426,936,385,714,139,295,0
49782,48790,6663803,6433,3091,865,4056997,111697277,44382,192900,43210,120,793,865,1707,15793,12640,4117,5269,1564,2673,0
19740,20583,2440491,2521,1043,298,2048568,48033874,23678,110259,17827,82,218,298,613,5285,4030,1471,2041,535,904,0
35186,38907,4168900,4103,1197,556,2918234,77992855,36510,181565,32706,92,559,556,1188,9919,6458,2366,4514,820,1414,1
18466,21435,2564303,1705,955,392,1493522,69147932,20341,106857,24825,81,439,392,865,4873,4278,1136,2787,374,962,0
20773,21297,2477958,3579,1336,401,1995501,93843661,22847,104400,24100,106,306,401,816,4251,3512,1593,3031,587,788,0
59553,62331,6679715,3009,2477,1084,5660345,168143443,56208,262835,53240,312,1216,1084,2236,16160,10934,4410,6766,1600,2679,1
50835,59654,6354600,5065,2921,896,5631328,215101609,40780,216874,56689,91,725,896,1988,16403,8125,3064,5241,998,2515,1
20370,18802,2740065,2877,1051,495,2119747,70894313,18674,75960,20286,122,530,495,939,6242,3612,1856,3028,729,1259,0
1878,2090,250319,107,128,28,192753,4119759,1529,7662,1820,4,33,28,61,539,376,124,198,42,105,0
25188,23069,3541166,1647,1558,496,2461813,50762942,22352,90145,24354,91,623,496,935,5354,5827,2323,2570,917,1125,1
9163,8367,1394089,1030,300,180,805764,22351908,8490,34130,8426,34,150,180,339,1958,1651,849,1170,335,473,0
9722,10075,1115223,484,257,192,916993,25600767,8523,39419,9595,53,207,192,394,2208,2275,732,980,267,625,0
40935,45477,7019534,5410,3226,934,4372485,159706545,35357,176765,53436,181,1396,934,2002,8724,7135,2729,3540,941,2477,1
5614,6757,726698,1013,219,108,616177,17951005,4785,26192,6876,22,120,108,244,1062,1141,322,521,101,303,0
10290,8917,1499570,631,470,188,1185663,17658001,9045,34330,8013,33,226,188,342,2447,2247,1034,1573,419,373,0
12694,13770,1764383,2050,882,267,1276514,43928076,13247,64477,14023,66,354,267,565,3952,1887,883,1628,311,638,0
12179,11984,2472199,1220,955,333,1085690,38931068,13609,59412,13247,43,275,333,660,2238,2117,1000,1629,379,672,0
19561,19177,2586328,2035,1347,450,2246720,63991998,19503,84798,18199,81,500,450,890,6313,4024,1616,1988,614,847,0
27652,29537,4220930,4433,1819,620,2949380,107865775,31143,148983,30791,173,790,620,1297,5558,3926,1976,2878,706,1713,1
38103,43842,5252301,4497,1230,735,4118987,74473488,38570,200600,36917,220,863,735,1612,9226,8968,2383,4436,793,2332,0
21555,19896,2246297,3108,623,395,2191995,79903084,17573,71480,21378,51,340,395,749,6637,5560,1964,1822,772,1054,0
3627,3639,576633,515,194,96,411187,9606549,3143,14021,4006,23,89,96,194,937,855,288,389,107,233,0
19472,16545,2434782,1194,782,333,1658848,47228695,19092,70918,13957,39,204,333,596,6124,2835,2016,2480,825,893,0
24779,26755,4222119,2598,1687,689,2352010,102733338,22422,108569,31987,101,813,689,1450,6937,5786,1738,2148,615,1606,1
15449,17622,2729865,2252,998,424,1452782,59977025,13653,70318,18741,76,293,424,924,2948,3281,981,1654,330,641,0
55977,66667,7126935,4231,2542,895,6092242,165149691,66283,358457,57721,122,1218,895,2005,12336,13169,3281,5852,1050,3135,1
58907,59252,5577539,2833,1706,960,5257532,144415082,55554,248518,54058,222,1297,960,1928,10983,14544,4666,6828,1743,2117,0
81391,74898,7004016,8759,3166,1404,9704585,282707967,90802,368115,76325,382,1255,1404,2656,18933,18355,7451,12083,2935,4072,0
14772,15094,1571266,1628,749,268,1526210,44285115,16677,75926,14829,59,343,268,544,3365,2934,1139,1296,421,885,0
16216,15059,1502480,1801,812,300,1317784,33905945,13620,55775,12849,59,329,300,571,4662,2349,1463,1638,573,927,0
7438,8230,968268,769,340,170,860822,20236204,8650,43050,7846,22,193,170,364,1323,1357,499,738,173,379,0
40750,39675,3648288,3048,2267,677,3907789,70103591,44659,192692,33247,170,927,677,1331,12438,7314,3407,4006,1299,2419,1
18207,20213,3154786,1198,966,503,2164422,89883629,16063,80244,23440,121,467,503,1079,5065,3592,1215,1541,419,1165,0
82867,72197,6799062,5772,2004,1535,7194254,172755228,80930,308958,73399,377,1626,1535,2795,22341,20724,8262,10805,3343,4009,1
28605,29781,2500119,3734,1627,439,2424848,85836693,32486,151016,26521,116,614,439,902,8938,6018,2137,4075,779,1506,0
21054,17958,2994455,1651,605,467,1979393,61158203,19279,71912,22308,114,399,467,839,5684,3594,2168,2961,885,1113,0
83778,73082,6817282,4604,2466,1474,8775657,238954726,69105,264175,62831,342,949,1474,2687,20158,20604,8337,12953,3371,4931,1
7428,8214,1532464,663,680,169,636567,32981424,7540,37501,9560,49,208,169,362,2002,1809,499,773,173,479,0
13513,14512,2257719,1201,496,368,1319188,46241113,15915,76598,16454,109,375,368,772,2899,2373,956,1916,340,727,0
43909,40902,5368811,5604,1679,1065,3557962,110537660,45454,186767,46558,125,1142,1065,2032,11498,8228,3943,6600,1543,2244,1
34921,41862,5365816,4813,971,785,3924927,127190738,30692,167218,35992,90,1158,785,1766,9353,8432,2021,3519,642,1833,1
39468,42400,4762803,3014,2313,769,3754395,110065824,41531,199950,37019,131,971,769,1614,10449,6163,2793,3324,992,1417,1
9883,8471,1264033,581,518,210,1044580,22938268,8358,31344,8750,32,162,210,379,2088,1447,1010,1130,411,501,0
24126,28255,3316211,4316,1453,616,2668343,88060782,21015,111512,33677,169,885,616,1367,7590,5682,1459,3569,476,1103,0
53966,56653,6303397,9016,3883,1238,5516881,156180416,48623,228127,62888,268,1732,1238,2557,14657,8972,3975,6266,1439,2944,1
27272,24664,4221578,3729,1062,535,2750739,98393541,26911,107034,28606,120,472,535,1001,7625,4493,2566,3911,1020,1653,1
26398,25394,3654122,1760,908,480,2522557,68966316,26631,113385,26870,141,464,480,936,6616,5767,2250,2902,864,1181,1
73032,67206,7102698,3541,2302,1470,6347387,126647742,78415,317894,59525,192,1613,1470,2781,21173,13508,6686,9218,2634,3885,1
42717,37205,6378084,5663,1043,933,4213482,99156679,45471,173530,39053,213,958,933,1700,9931,10165,4261,6518,1724,2404,0
18709,16623,2448814,1112,1127,315,2079053,52045526,20743,80914,15419,66,180,315,582,3998,4483,1809,2323,725,1089,0
39028,43989,5695843,3267,1565,740,3627292,180436131,43437,220714,46464,76,906,740,1602,11006,7458,2535,3512,862,1962,0
8605,8174,1038112,1120,416,166,785982,22025032,9108,38245,8630,19,130,166,322,2656,1628,748,1298,289,454,0
23178,24925,4183653,2253,1132,563,2336537,84326655,22499,108445,29166,65,620,563,1183,5630,4626,1637,2154,581,866,1
29733,27428,4792888,2788,1615,633,3269604,87726128,31119,126499,24187,109,720,633,1199,8309,6097,2711,3218,1066,1050,1
29733,26285,3657093,3034,679,555,2844818,78255279,26345,102197,24668,148,649,555,1021,8072,7422,2898,4457,1164,1659,0
47528,45290,4978795,3114,3025,974,4793397,119307417,46016,193873,53237,276,745,974,1886,11205,7393,4115,5255,1590,2061,1
53217,49280,5901483,6800,1411,1045,4262437,136135198,43527,177683,55346,112,917,1045,1986,16448,9590,4824,5206,1894,2786,0
47413,45380,6479329,4861,3147,1179,5409124,108012438,42455,179748,50891,321,772,1179,2290,10051,9322,4076,5362,1571,2109,1
34278,39522,3879192,4021,1960,520,3895378,83674954,31941,166514,33847,147,714,520,1142,11038,5687,2135,3130,709,1598,1
13868,11879,1108320,595,628,196,1478303,40152560,13260,49694,10303,36,193,196,353,4226,3427,1418,1870,578,626,0
27975,25183,2383044,2871,1570,461,3100399,52777489,32445,128390,24245,58,403,461,859,7814,5598,2651,2377,1056,1609,0
22507,21714,2471443,1233,1078,471,1890360,43908989,23899,102084,20397,98,291,471,921,4008,4297,1910,2638,732,826,0
8514,7927,1181072,595,233,178,916140,16695268,8388,34448,8152,34,123,178,341,2582,1499,765,973,299,383,0
27649,28982,3414965,1327,1732,445,2230817,84319751,27130,127076,24188,84,379,445,919,5597,4829,2042,3484,740,1448,1
29136,30326,3438146,1978,2663,688,2649791,117362882,34700,161257,37830,87,483,688,1415,9346,6755,2178,4543,794,1263,1
56566,52852,6906267,8614,3612,1103,4710521,182805014,63442,261551,57957,223,1413,1103,2108,18188,12951,5055,6321,1975,3428,1
43139,46882,5536274,7338,1636,1072,5044741,134802064,45714,222955,51564,159,1161,1072,2265,8939,6667,2991,6121,1053,1700,0
37613,35898,5332924,4314,1823,908,3903036,87229441,41842,176597,39660,228,934,908,1761,10106,7992,3248,3259,1254,1322,0
21184,25246,3679120,2526,753,437,2321304,51595049,23500,127189,22857,78,628,437,980,6073,5367,1240,2903,396,802,0
2166,2059,207888,271,162,42,211830,8275748,2178,9155,2300,8,47,42,83,677,483,188,235,72,116,0
27427,26075,3800200,2440,972,658,2434390,78814007,25375,106640,31283,177,717,658,1273,7477,6874,2383,3926,922,1410,0
19382,21266,3429892,1408,807,450,2312472,45688308,19954,98372,19762,122,398,450,958,5298,4527,1321,2324,461,754,1
69706,74401,5789214,6767,1738,1140,5716693,186387008,62475,298606,65011,186,1418,1140,2381,19141,17717,4989,7951,1783,3812,0
32979,35747,3323840,4135,1848,634,3890216,124547697,39438,191787,32917,126,681,634,1338,9441,4887,2297,3502,810,1529,0
1628,1816,304017,132,108,38,154962,6448663,1801,9050,1670,6,32,38,83,443,228,107,191,37,98,0
29970,29053,2789186,3595,1062,486,2727065,90550915,34537,148305,25935,81,511,486,952,9336,5792,2523,3862,965,1727,0
45931,40802,5891943,5201,2796,1037,4466979,108165963,38164,148833,41472,151,654,1037,1914,13030,10943,4444,6913,1782,2370,1
16391,15655,1925782,952,766,371,1803395,62777045,17920,75698,16885,76,409,371,720,3619,3740,1413,2514,545,1015,0
16856,14866,3115949,1725,1144,467,1608398,42069067,16679,64535,18004,69,389,467,858,4562,3138,1649,2245,663,855,0
2724,2664,457927,282,107,62,231986,7437184,2940,12752,3267,6,54,62,124,754,653,226,351,85,124,0
22932,21462,2486838,2817,1129,430,2371361,65073936,21065,87006,22016,107,496,430,823,6753,4384,2043,3166,797,1487,0
28295,31952,3830154,1605,924,614,3002948,106645090,27184,138422,29144,174,758,614,1331,5489,6109,1831,4135,622,1526,1
27460,31103,5071752,2076,1436,638,2315810,116003537,26858,137234,35475,173,485,638,1386,5489,6020,1767,3379,598,1157,0
41074,37328,4976815,2842,1607,691,3924272,140874762,33052,132166,35268,118,538,691,1296,11207,6842,3835,6399,1520,1678,0
51820,59688,5669743,6223,3024,838,5876202,196025585,57874,301362,54718,246,707,838,1839,10348,11746,3234,4662,1076,3258,0
29190,30608,3714097,2972,2410,659,2621902,98628013,27219,127543,34413,71,445,659,1361,8795,5918,2154,4015,781,1255,1
25986,24938,4352351,1721,1893,603,3104521,92774559,24295,103162,26325,60,656,603,1174,7623,3849,2224,3867,856,987,1
19845,18133,2536934,976,1321,467,1609497,52431041,22694,91287,18123,70,528,467,879,5443,3985,1837,2446,726,1056,0
25068,23924,3570846,3400,1004,517,2612791,67988122,25138,106092,25086,65,376,517,1003,4742,3892,2165,2446,835,1048,1
7667,6873,866709,771,290,130,850670,17830893,6840,26948,6175,34,118,130,242,1808,1744,731,1129,291,404,0
16178,16070,1990961,1193,738,299,1328411,52858286,18239,80464,14159,55,406,299,596,5114,2996,1308,1736,492,731,0
46249,53136,5715879,6882,1862,1040,3802026,171779853,47668,247508,50946,310,1141,1040,2277,8276,9544,2900,5669,967,1849,0
61121,57817,7023468,4842,3425,1202,7313636,146258432,64022,267560,48717,358,1500,1202,2317,19357,15122,5355,8862,2078,3785,1
31273,33783,4694573,3717,1561,688,2729842,83914540,26255,127194,38358,148,675,688,1449,6098,7181,2191,4006,775,1902,0
21305,18346,3272885,1778,1139,414,1987583,50568372,20506,77292,19832,112,356,414,749,6294,4278,2162,2474,879,1182,1
56702,49986,6318034,3441,1350,1108,5240774,118170303,46359,179283,49612,113,1395,1108,2035,12558,9879,5551,4794,2234,2473,0
34625,40344,5774176,2808,1639,793,3103530,155923825,28580,150772,40354,207,1071,793,1753,7622,7151,2115,3195,695,1741,0
21283,23555,2827293,3289,579,378,1731400,76592795,20348,101297,22825,109,521,378,810,5032,3448,1428,2245,494,965,0
44919,51281,6562213,5040,3225,1107,5001645,181805370,42815,220721,54851,245,1386,1107,2414,12669,10685,2850,4046,957,2551,1
47838,57026,5690529,5729,2637,925,4698230,231166562,42740,231384,60552,270,904,925,2073,14402,8955,2799,5728,895,1709,0
10069,11604,1578987,1138,370,217,968012,35763023,8449,44024,11532,23,274,217,476,2720,1461,627,1352,208,598,0
14947,12808,1965969,1334,597,306,1752745,40182505,16859,63205,15962,47,204,306,551,4123,2760,1528,1769,623,903,0
13687,15688,2072805,1495,997,298,1591558,46139588,12510,64786,13652,35,412,298,652,4253,2332,862,2129,288,752,0
3187,3197,342545,342,136,59,338042,8909293,3815,17015,2667,12,70,59,119,802,500,253,441,94,115,0
31316,28636,2362782,1703,1907,500,3437435,71267656,29598,119162,26395,51,530,500,942,7541,7039,2895,4278,1144,1187,0
32452,37119,4860690,3188,1457,646,3843959,101531534,35535,183588,42118,121,796,646,1411,8659,5687,2052,4079,687,1972,0
35470,39137,4229512,3061,1469,753,3570034,91847876,33263,165021,33479,107,568,753,1608,6439,8150,2394,3564,831,1988,0
12937,14396,1753108,1263,754,278,1385796,38641304,13600,68121,12789,64,322,278,598,3194,2614,860,1995,296,646,0
22861,21621,3957170,2852,1387,461,2138901,75630927,24960,104292,22950,137,397,461,889,4847,3524,2003,2635,777,1294,0
12050,10303,1217307,808,347,195,1342393,19691637,11471,42902,8651,40,204,195,352,3479,1802,1236,1747,504,718,0
45569,49716,5749573,5589,2469,1111,5198893,199838399,48871,239397,55008,281,1335,1111,2353,9766,9799,3138,6161,1100,1796,1
31343,36023,5051809,3014,1435,646,3273011,109903217,27445,142561,31966,143,571,646,1415,7026,4979,1964,3193,655,1292,1
61017,57502,5184086,5780,1860,930,6742170,114389071,63024,262294,49359,113,537,930,1789,13520,10013,5378,8267,2091,2519,0
52648,50656,4497970,4331,2090,890,5738731,187973340,54304,231252,47139,200,1133,890,1736,9991,13258,4487,7455,1724,2682,1
76532,82416,6792040,10627,2388,1174,6552061,218546598,81998,395838,72421,258,1343,1174,2466,22842,11825,5394,9349,1913,3746,1
41751,48502,7094215,3579,1192,853,3506369,92259784,41835,219955,42609,219,1277,853,1882,13111,10418,2565,3856,845,2506,0
5930,5747,1191149,703,403,143,597526,14712198,6641,28514,6373,16,130,143,282,1047,970,499,730,191,209,0
31736,33461,3051074,2928,2134,596,2541589,122400519,37080,174818,35099,132,666,596,1236,8587,7184,2320,3856,837,1849,1
25290,23775,2710838,2068,1271,483,2325246,76440478,27923,115899,27522,105,489,483,927,7168,5731,2238,3600,871,1347,0
10017,10443,1032266,875,365,175,871061,29670811,9061,42189,9661,31,210,175,360,2021,2521,746,1127,271,366,0
38273,39067,4056676,2606,2019,747,4138833,142069367,43670,198581,42600,89,545,747,1515,11928,9476,2958,4175,1093,2220,1
22599,20113,2683417,967,853,376,2447518,40382888,21819,85270,18908,48,239,376,696,4060,4569,2180,3098,873,1402,0
10958,11990,1018343,1065,339,178,1156649,26580471,10712,52649,10538,18,120,178,379,3179,2798,750,1696,262,430,0
7833,8352,1160831,1424,626,163,878738,36699466,9283,44322,10191,39,155,163,342,1708,1490,561,1123,200,456,0
6375,7259,748861,920,498,128,666725,20681783,5998,30835,8214,19,131,128,280,1219,1390,406,730,136,272,0
15675,17978,2964637,2996,1414,417,1870499,64704586,18429,95506,21604,100,334,417,913,3674,3256,986,1452,329,818,1
27501,28180,2958882,2829,929,393,2698410,62145353,26351,120345,23886,100,329,393,800,7976,4757,2111,2766,778,1509,0
8766,8853,1198815,957,255,187,777479,20347918,7272,32681,8553,23,159,187,377,2098,2097,689,899,256,350,0
61497,55296,4006134,6431,1555,864,7354056,150973104,72573,286813,46775,217,732,864,1609,18377,11720,5839,6635,2327,3955,0
25044,24874,3038067,2380,1457,573,2677469,116159382,29332,129383,29560,92,643,573,1141,6727,6111,2026,3691,763,1574,1
35220,34847,4026993,2963,1077,770,3581924,122676701,34479,151443,33034,86,680,770,1530,8794,7848,2867,3987,1082,1536,1
1080,1162,279012,150,35,30,114918,4014872,941,4542,1382,6,34,30,63,265,193,76,142,27,38,0
35036,31583,3266093,2644,1881,634,3114350,67090642,41597,164858,26846,118,711,634,1182,7087,8728,3313,5419,1319,1891,0
48267,45542,4802049,4903,1913,923,5174718,110531308,39555,164846,44719,217,798,923,1776,10603,10094,4246,7075,1650,2722,1
15167,13643,1849217,1195,951,368,1493384,56843218,13834,54699,15007,57,344,368,685,3424,2541,1439,2043,573,804,0
10361,9586,1492691,1381,311,194,1225737,33501803,11158,45507,9838,50,118,194,370,1876,1666,940,1440,369,396,0
14172,13564,2541338,2001,562,334,1166192,56801794,11596,49098,14708,80,359,334,650,3465,2799,1218,2198,469,901,0
38337,33153,5073597,3860,1014,721,4249527,127075936,35697,135171,33406,89,525,721,1307,10529,9750,3866,5147,1569,2463,0
49573,43945,5506252,2572,1624,999,4755565,152578513,55182,214707,47458,247,771,999,1841,15223,11883,4812,4638,1931,2902,0
53018,53374,7122467,5407,2951,915,6081840,100559584,44607,199735,47231,110,981,915,1839,11246,13592,4194,4628,1565,2244,0
16772,15393,1425390,1951,803,267,1528730,49315147,17847,72140,13933,62,287,267,505,4445,2676,1542,1579,608,734,0
80904,87575,7151415,10073,5744,1256,9269902,310139749,70763,343586,78533,139,971,1256,2647,17933,19638,5650,10703,1995,3278,0
30914,28360,3950730,2016,1908,532,3086161,74383730,36600,147876,27240,107,617,532,1005,8148,6922,2844,3014,1122,1949,1
18884,19510,2070989,1521,629,338,2177346,39515858,19656,90595,18983,83,365,338,692,5846,4277,1429,2676,524,998,0
57428,50642,5797864,6302,2244,1220,5368494,188868676,65190,252191,60062,352,711,1220,2240,10797,14416,5620,6191,2261,2110,0
18300,21421,3330568,1455,805,380,1964918,40149755,15708,83303,18896,95,442,380,843,4321,3771,1108,2489,362,660,0
62165,55746,6052388,6609,2962,880,5039959,186094948,67985,267886,46583,187,991,880,1636,11766,9302,5927,7049,2365,3765,0
34023,40607,6924476,2272,3246,752,3620288,171594189,39945,216554,43516,117,1127,752,1687,6089,6854,1986,4886,634,1616,1
17803,21367,2522905,2686,1551,446,2026931,51292300,19955,108868,21474,91,628,446,1004,4066,4529,1028,1929,326,1050,0
16571,19421,3380961,1702,636,379,1715345,50270873,16297,86548,22501,60,567,379,842,3383,3434,1001,1768,326,909,1
65009,78085,7052054,8069,5178,1202,7361680,223068360,75966,414813,80191,308,1533,1202,2707,12195,14955,3749,8536,1188,2700,0
32156,38996,4865355,4026,2881,799,3733501,100983363,31823,175679,42207,218,1057,799,1811,7745,6596,1820,4505,569,1563,1
24872,26970,3264814,3812,859,522,2004203,108739469,24614,119752,30793,130,663,522,1102,6553,5727,1731,2598,610,1212,1
17184,14742,1800936,1264,411,293,1706084,47725120,17992,67539,12620,58,346,293,529,5097,3744,1754,1476,714,1098,0
46148,43429,3804865,4776,1885,803,4295203,140736629,38793,161203,39360,154,888,803,1542,14034,10764,4077,4281,1586,2819,0
13536,12407,1833938,1539,859,242,1371864,33312675,13073,52772,12364,66,278,242,457,3280,3512,1247,1881,492,505,0
7838,7742,975612,770,345,122,933406,18700565,7043,30885,6536,34,144,122,243,2264,1720,639,725,241,349,0
61598,56843,5771229,5388,2646,1258,5738666,206196354,66134,268937,67691,315,1024,1258,2385,17709,12101,5614,7129,2208,3158,1
43443,37406,5434907,2450,2531,834,4735503,131184005,35581,134097,39335,244,863,834,1506,11912,8324,4410,4314,1794,2301,0
25807,23508,2703734,3571,1068,597,2229821,61388024,23175,92908,24281,104,502,597,1122,4897,3801,2401,3665,950,1197,0
10385,9855,1884281,1429,372,219,1067552,42026590,9242,38764,11851,50,230,219,423,1967,1748,905,992,350,654,0
19354,18688,1938204,2320,694,390,1602727,71605351,20934,89500,19002,105,396,390,763,5105,4442,1640,2299,628,892,0
25825,27515,4091223,1550,1235,581,2424282,56823887,30082,143495,25390,123,461,581,1213,6057,5915,1854,3932,663,1341,1
52888,46465,5398807,5401,1189,907,5451466,121486305,53907,207692,47157,240,782,907,1661,13313,9848,5205,6061,2098,2463,1
24136,25013,4641732,2424,926,635,1984861,70779112,22595,104495,28752,176,862,635,1302,6875,4162,1818,2247,664,929,1
45417,50990,6114987,5603,3229,753,3746136,154820394,46822,236869,47859,101,573,753,1625,13567,11801,2971,5593,1015,1956,0
19684,17110,3384885,1936,1456,517,2350910,71710458,23529,89600,20099,61,608,517,941,5740,2994,1969,2349,797,887,0
13598,15090,1578816,685,754,224,1192388,35770229,13818,68998,13632,31,180,224,480,3737,3327,908,1902,313,822,0
35881,38461,4639065,2015,2067,711,3256092,117496319,35954,172671,34889,163,934,711,1490,9471,9058,2549,4688,907,1693,1
21950,25665,3331010,2383,1516,412,2515481,53277613,21013,111297,21503,72,312,412,914,4690,4015,1332,2917,436,944,0
20838,21327,2865306,2134,1266,324,2288342,53157428,16777,76516,19076,70,198,324,659,5899,3244,1603,3249,591,1042,0
48768,44952,5667391,5919,1776,813,5244802,154258557,51332,208481,43558,136,803,813,1539,8608,6889,4453,4805,1752,1939,1
60024,58637,5931020,5686,2605,855,5482895,135855959,61120,264696,49456,208,890,855,1685,14089,15181,4991,7240,1900,2295,0
21744,26162,2933495,2447,1787,494,2044669,67842435,24192,132358,25582,104,655,494,1115,6410,4063,1249,2689,395,1368,0
29993,26316,2313475,1838,1114,505,3321866,72243755,35150,135231,22241,89,571,505,925,5462,6242,2958,3598,1193,1671,0
12280,14472,2168482,1051,881,324,1442344,53973422,14658,78334,15013,54,472,324,722,3140,2295,734,1606,238,589,0
32194,31540,5306656,3293,2865,839,2775868,83320484,35140,152664,39293,219,1032,839,1657,8912,7528,2664,3547,1012,1534,0
44927,40050,4482394,2323,1118,861,3756376,147139458,37663,147445,44501,225,809,861,1594,8941,7096,4323,5451,1730,1939,1
47625,51437,5878871,7725,1463,850,4830010,117967011,55284,267761,53331,243,937,850,1789,12993,11742,3339,7215,1181,2256,1
39832,36022,6121665,2875,2723,999,3756399,127688096,44291,176151,41422,141,621,999,1868,9359,5793,3748,4337,1489,1462,0
22818,20889,2828834,1332,1026,463,1898262,40985572,24373,98246,19315,84,469,463,874,7037,4190,2106,2989,832,1441,0
39556,34033,4773675,2412,2006,759,3978313,110461146,44012,165730,34174,146,706,759,1370,11934,5690,4020,5598,1635,2497,1
41994,38671,4643684,3273,1267,909,4246927,82439244,39148,158830,39619,114,944,909,1720,9414,8237,3840,3609,1512,2224,1
21177,23811,4098963,2059,1267,424,1935399,56649034,20365,103199,21142,126,442,424,916,4103,4240,1381,2937,471,1261,1
10552,9286,1540672,1039,404,229,955224,21668858,11749,45352,8716,66,250,229,420,2543,2100,1035,1288,417,449,0
79269,67321,7109278,10023,3994,1402,6607632,165304012,82195,305143,72482,276,1716,1402,2508,20013,18074,8217,8859,3362,2833,1
25786,24610,2376742,2308,1275,438,2349882,74307467,22934,96796,20804,68,279,438,849,6116,5566,2227,3561,859,1109,0
46980,41685,3726134,4708,2560,716,4726195,104515108,41982,163512,37105,202,617,716,1321,14096,8310,4554,4908,1827,2200,1
19219,19238,3083447,2042,802,373,1923996,56711889,21025,93556,16364,86,301,373,747,5388,3798,1534,2138,575,817,0
4149,4576,537051,437,256,96,483061,11977823,3626,17985,4901,21,138,96,205,985,1022,280,443,97,199,0
36629,36411,5794320,3794,2125,706,4177686,120860221,40465,178661,36205,146,424,706,1407,8868,8430,2959,5083,1114,1414,1
45627,55370,4619171,5960,3077,790,4969325,131768410,44659,246727,47063,205,697,790,1791,11743,8241,2579,6871,806,2731,1
27773,26216,2936083,3792,1044,613,2425492,101523112,33204,138439,31768,106,586,613,1180,6223,7147,2441,2424,948,1354,0
32104,33262,5202877,2278,2539,757,2577237,129335436,36392,168256,38759,130,887,757,1551,8546,5575,2419,4673,884,1796,1
18991,21551,2753462,1377,1564,434,1929753,76934333,15561,79681,22143,52,553,434,943,3813,3091,1218,2681,411,699,0
44377,39864,3826534,5092,1789,728,3824316,119889951,53033,209371,37650,163,587,728,1355,14330,10131,4219,5548,1682,2720,1
10168,11654,2538513,986,814,262,1212788,31214479,11263,58322,13347,70,336,262,574,3119,2357,640,1321,214,446,0
5124,6197,782838,711,140,98,533857,12600227,5938,32681,5438,14,85,98,222,1024,1153,291,650,91,327,0
15395,13486,2264542,2082,913,323,1684448,63221303,12981,49857,16433,47,403,323,591,4153,3910,1522,2289,614,873,0
62590,64604,5910996,6196,4086,1158,6405378,194007945,53532,246462,67361,262,1345,1158,2367,16223,13314,4747,5648,1741,2894,1
4030,3934,516119,230,242,72,466764,9300088,3489,15098,3406,9,93,72,143,962,777,335,557,127,230,0
38688,44214,5826989,5694,1460,809,4502694,120307244,44645,230430,48665,102,1063,809,1767,11636,7073,2450,4911,822,1535,0
82415,79131,7120628,10421,4157,1398,7681212,264660611,96846,411461,72406,400,1399,1398,2721,17911,14769,7049,12456,2711,5337,0
15876,16788,1486071,2063,666,233,1396652,41712060,18004,85165,14036,40,307,233,484,3517,3089,1155,1845,415,811,0
54942,52343,6081110,5434,2295,1026,4951511,116878192,56759,239075,46220,126,955,1026,1987,13367,13116,4759,6875,1839,2895,0
17482,19859,2472810,1281,1272,298,1428423,72844314,15531,79620,19228,48,372,298,649,5361,3681,1119,2635,377,769,0
27626,23723,3708834,3418,1486,519,2636252,90344167,30012,112774,25773,139,621,519,936,8003,5455,2816,2902,1146,1440,1
27114,24210,3153706,2342,1064,601,3205186,101389428,25790,101146,29141,170,594,601,1114,6068,6957,2602,3442,1041,1749,0
34814,41453,5488453,2381,2764,767,3228581,141462601,31029,167766,44202,78,653,767,1719,10806,4935,2041,4055,654,1421,1
74274,80890,6738408,10376,2730,1178,8498919,261585400,69280,338693,73064,297,829,1178,2493,22476,14806,5131,11304,1802,2956,1
9473,8465,1655931,1334,624,233,996207,33898222,7763,30475,9432,25,207,233,433,2236,2359,908,1100,363,535,0
54681,47075,4512067,4060,1787,879,5391258,107756069,65310,246092,43608,239,610,879,1588,10978,12559,5552,5442,2258,2614,1
33861,36917,5211337,5249,1757,875,2804985,118957556,27410,134168,43967,155,603,875,1853,6166,6564,2335,4129,819,1327,1
39925,36189,4154149,4179,1471,891,4507508,97013471,36434,145271,44040,227,585,891,1669,11620,9435,3743,5720,1486,1611,0
21155,25208,3862197,2039,2147,479,2244380,94307837,24748,133919,29833,111,501,479,1075,4133,5453,1238,1783,396,883,1
2803,2835,426783,373,208,57,282133,8333199,2548,11475,3240,13,68,57,116,546,500,219,321,81,168,0
45094,39844,4141061,4727,937,874,3765319,127694592,38622,149735,34374,190,690,874,1607,10511,7495,4399,6250,1768,2896,0
45774,48203,6371256,6144,2964,1059,4833851,191359965,47683,224502,59188,167,914,1059,2192,14354,11493,3354,4653,1211,2760,0
1314,1433,225197,77,64,31,109199,3714939,1356,6647,1510,7,44,31,66,400,272,90,170,31,58,0
31762,27616,2477384,3266,1102,557,2830292,70077974,35017,133384,23136,154,324,557,1013,6446,7991,3176,2826,1286,1355,0
23016,21527,3004351,3166,1406,535,2298285,91536859,20183,83305,24698,130,551,535,1023,6065,5917,2053,2085,801,954,0
16939,16483,1692888,1747,1201,311,1715340,66408089,13562,58482,17455,65,318,311,612,3443,4216,1417,2097,540,1002,0
30760,28381,5875371,3155,2018,735,2481002,133399960,25656,104314,34677,217,795,735,1393,9285,4575,2804,3086,1103,1589,0
44335,39352,6407407,2347,2570,813,5237430,139953081,39435,153654,39760,160,618,813,1501,10065,10812,4295,3887,1722,2238,1
39216,37977,3715302,1914,925,606,3504093,134079654,36258,155516,34004,131,557,606,1188,10538,7326,3307,4284,1265,2400,1
12834,13006,1854666,998,322,265,1041705,25360938,13874,62588,12091,54,364,265,536,3075,2803,1004,1518,373,698,0
31632,33446,5716240,5099,1480,682,3350490,153777045,27456,129856,39587,115,924,682,1417,9130,7166,2301,2868,828,1862,1
71533,61729,6721410,7283,3219,1382,8543360,224025425,84411,318890,56074,384,1440,1382,2500,17604,13148,7237,7452,2941,4046,1
80262,78505,6586175,10394,4529,1337,6671782,156605349,79610,345242,74877,301,1488,1337,2636,22821,13175,6660,11673,2533,4449,0
9457,8860,1277678,420,258,200,931239,28732926,10247,42376,7818,25,244,200,384,1952,2137,841,1176,328,595,0
9890,10298,849752,828,308,163,954170,29654779,10901,50684,9554,31,171,163,336,2862,2442,738,934,269,381,0
31686,32273,3813578,5546,1865,750,3686421,124218144,34651,157187,39771,150,786,750,1519,7000,7874,2457,2844,910,1672,1
8990,7763,1259572,925,212,161,850898,21695621,7321,27682,6792,28,184,161,292,2723,1874,908,862,369,582,0
65611,71381,6567067,10593,3936,1206,7806558,250377773,58597,286139,73536,287,1671,1206,2550,17679,15406,4541,6719,1597,2657,1
7619,8008,993100,1210,242,148,650921,25324934,8519,40028,9091,31,111,148,307,1914,1205,560,669,202,402,0
37935,43717,4434071,2152,1641,638,3508792,109115678,39442,205501,37479,102,952,638,1401,8482,7296,2365,5784,786,1732,0
47025,40095,6068669,4692,1370,1369,4000937,184960431,53010,197645,49728,263,1156,1369,2456,10431,7761,4845,4569,1979,2465,1
24618,27952,3317027,3175,867,605,2659042,86728071,28645,146766,27097,144,725,605,1315,7093,4457,1577,2923,532,890,0
3749,3333,515430,422,189,82,353316,9245087,3981,15541,3519,17,46,82,153,705,839,362,415,145,242,0
12617,11314,1208423,1531,587,223,1243056,26870094,14957,58941,10665,53,157,223,416,2861,3026,1202,1090,480,788,0
5240,5109,536592,585,283,80,543965,17140793,5536,23930,4532,9,54,80,158,1383,870,436,587,166,245,0
27806,27878,3811997,2987,1069,478,2896975,65544761,28217,125772,26048,63,462,478,959,6855,5042,2214,3534,829,1565,0
28097,24542,3219612,3208,1602,500,2643147,72860575,31445,120388,24810,127,620,500,912,5379,4610,2790,3129,1127,1620,0
38245,38137,3512367,4157,2214,669,3929784,91066495,32929,145895,32033,181,927,669,1336,10103,8594,3073,4035,1154,2341,1
42515,38125,4322902,5579,3291,915,4072775,107897314,47941,188908,44811,161,767,915,1701,13411,7830,4053,3656,1618,2105,1
25597,24945,4520185,1912,764,579,2732802,102255623,22838,98642,30053,158,765,579,1140,8045,6016,2136,3127,814,1264,0
11935,11997,1263636,1009,726,225,1419542,28895210,12906,57700,12244,44,194,225,453,3296,2688,946,1317,353,521,0
21298,19820,3764248,2633,1187,442,2491888,64456998,17546,72016,23423,109,443,442,844,6666,5086,1915,1907,750,794,1
24388,24020,2116822,2326,1527,367,2012444,66442213,26211,114547,21114,51,346,367,728,5314,3925,2000,3175,757,1561,0
49809,51843,6026372,2893,1425,937,4656114,192642119,54907,255159,52144,112,1141,937,1925,16038,12823,3724,5141,1357,1871,1
52150,44731,6137376,5124,1387,960,5107457,101343090,45681,171438,45586,215,931,960,1730,11303,7663,5325,5682,2169,2041,0
36444,35142,3687822,4293,1741,662,3386047,72619553,41584,177515,34849,182,569,662,1293,8628,7809,3095,4283,1187,1934,1
39936,36714,5233858,4336,2482,791,3873186,111666544,37074,150140,43819,107,545,791,1495,8830,8092,3662,3865,1443,2442,1
18978,19274,2271260,2945,1456,465,1819928,50487291,15474,69972,21154,138,623,465,941,3839,3439,1479,2794,548,1024,0
72568,82548,6090671,9849,4664,1159,8277440,227598443,66139,339571,70537,299,1721,1159,2522,20483,15805,4635,6770,1562,2774,1
9983,9416,1562270,675,651,220,990201,32324560,9658,40238,10617,60,159,220,424,2082,2228,878,1278,341,413,0
3374,2963,301193,403,235,61,373024,9063656,2793,10760,3308,10,46,61,113,990,737,332,346,133,152,0
29410,26112,2043061,1314,753,439,3245511,87896887,29830,116265,22739,107,358,439,810,7712,6763,2848,4054,1142,1528,0
40993,39372,4671218,6023,2113,782,4719085,111055903,45205,192130,40845,116,867,782,1523,9714,8660,3504,5773,1347,1832,1
42282,38372,3664822,2122,1953,655,4264805,113773166,44328,176982,32692,189,483,655,1228,11361,10265,3956,4085,1569,2255,0
45386,50447,4491752,6485,2419,789,4320076,128257090,51672,258469,44992,92,728,789,1693,12264,9401,3023,5101,1042,2712,0
10937,12721,1265372,728,646,237,1146099,29539563,12299,64755,12507,27,312,237,524,2987,2554,670,1271,220,402,0
24329,23890,3379778,2733,729,450,2523154,75874302,21154,92140,20010,87,541,450,890,5967,4505,2005,3163,761,1265,1
29308,28979,3340765,1417,1265,617,2475944,65751048,30871,135502,25157,63,856,617,1226,6360,7305,2388,4111,902,1370,0
42578,45630,5561508,6035,1080,741,3758816,161271081,39426,189298,41898,103,508,741,1553,8174,6678,3026,3912,1077,2083,0
65177,56292,5825919,5036,1301,984,6780870,107678503,60459,228618,50084,118,828,984,1781,15733,12445,6585,10036,2675,2852,1
7842,8239,1214312,903,284,153,916459,32902213,8071,37906,8880,41,139,153,317,1902,1927,576,1043,208,421,0
31291,34634,3366236,2070,1985,521,3199411,85891495,26560,132232,31671,97,516,521,1115,7986,5080,2100,3330,727,1977,0
32866,27873,5378721,2266,1505,827,3340831,79897403,35395,131199,31070,134,699,827,1478,6656,4801,3414,3295,1398,1371,0
27660,33645,4942725,4517,1771,542,3318924,93177827,29885,165551,32138,61,465,542,1232,6062,4556,1556,2733,485,1115,0
1722,1857,270089,222,61,37,160476,6660659,1549,7494,1757,7,52,37,79,436,267,121,248,42,98,0
36665,33961,4367040,5006,2092,685,4228535,146416092,32778,133842,38566,81,746,685,1301,7850,6283,3322,4339,1304,1672,0
20753,21549,2277077,2280,783,350,1999917,44568503,22011,102020,18047,61,441,350,719,4663,5232,1557,1851,568,1034,0
43864,42328,5925959,3190,2250,798,4080207,91401429,35296,150793,39637,103,706,798,1560,11580,7061,3721,4300,1427,2288,0
47818,45159,6381568,5594,2849,974,4030081,187039894,54634,227916,47511,148,1053,974,1875,12003,12011,4200,6284,1631,2567,1
14663,14540,2887908,1132,871,328,1425200,30558531,15467,68108,14781,95,210,328,654,2973,2833,1189,2146,448,714,0
53209,55739,5632045,3473,3410,842,4694715,154209264,42656,199654,47860,86,849,842,1738,16799,9206,3934,4840,1427,2146,0
33094,36624,5400763,3393,2230,701,3631072,112746817,39523,196735,40244,155,1019,701,1499,10008,6179,2222,2863,769,1436,0
31875,33023,5701314,4457,2580,834,3440520,148835544,28637,132395,39853,126,850,834,1709,8930,4543,2402,3304,878,1669,1
44872,43544,5584088,2366,2044,795,5079360,136361797,43985,189085,40123,215,1075,795,1560,14504,7564,3772,4200,1441,2349,0
22311,20047,2550682,2570,1504,503,2484568,41294781,20828,82252,20634,146,520,503,937,6507,4756,2120,1881,845,1355,0
3533,3055,458288,449,165,66,327368,10743090,3252,12318,3393,15,70,66,120,778,543,356,464,144,159,0
50133,44177,4227871,3871,1170,813,5610740,114624208,46074,178097,44100,221,504,813,1493,11805,12704,4911,7449,1977,2394,1
36455,34408,3054792,3149,1077,583,3647390,65220785,41083,171275,29961,155,611,583,1122,11084,9445,3205,3144,1245,1555,0
11854,10337,1438298,641,556,210,956747,23934003,11782,45027,10453,45,257,210,383,3851,2910,1180,1806,477,587,0
26595,22819,4712479,3111,1760,587,2340274,80458543,30998,116381,24455,152,398,587,1059,7027,4686,2714,2237,1105,1046,1
37053,39549,7009864,2774,1834,817,4096899,73300611,39601,189285,35518,186,1147,817,1706,8638,6844,2652,4967,947,1521,1
13883,14943,1745614,874,607,293,1283400,35236730,13854,66846,13048,68,236,293,617,2883,2786,979,1547,347,810,0
55080,52854,7131734,2384,2643,1105,4643928,150680708,47022,199649,47602,301,968,1105,2150,12346,10602,4715,5956,1814,3511,1
2249,2222,267696,224,105,47,268086,7114415,2338,10254,2367,6,35,47,94,394,476,183,212,69,116,0
30693,31444,3716134,2440,1874,566,2478812,82486199,27519,125644,31372,131,505,566,1152,6426,6335,2357,3990,869,1968,1
41714,41969,4735695,7023,3126,787,3905561,115266538,36658,164037,47447,200,1097,787,1582,11988,8612,3303,5355,1233,1968,1
23040,27030,3594358,2087,903,425,2177678,94891275,25435,135229,27573,62,455,425,943,4404,4709,1389,2764,453,1486,0
28456,26485,3512845,3122,1885,544,2413308,82234217,33562,137777,26271,85,374,544,1038,5176,6613,2558,4435,1001,1196,1
55419,50837,5389242,6629,2250,1168,6443840,219342199,60160,243040,58166,303,951,1168,2205,14260,14000,5099,4660,2012,2852,0
10034,9286,1013081,904,426,203,936833,34116823,11677,47635,10357,37,211,203,387,2154,2046,910,936,357,610,0
21280,18400,1811245,1944,1153,358,2367945,43232703,19748,74773,17354,56,239,358,649,6733,4540,2146,2947,871,824,0
79420,75397,6319901,7335,1734,1271,7361091,146860828,93189,390999,67003,346,1142,1271,2456,23022,15017,6918,7755,2679,3522,0
4040,4678,455485,229,227,82,428042,10416624,3467,18165,4537,14,108,82,181,1083,867,249,551,82,216,0
50425,45006,4912356,5761,2439,985,4102127,109595911,49810,195262,41828,234,950,985,1825,12212,8379,4843,6401,1937,3221,0
23464,26901,3796202,2052,2013,547,2171067,58873806,21209,109865,29431,110,409,547,1198,5102,3825,1477,2219,494,1512,1
76509,77288,6073484,4705,2874,1222,8133874,238443066,66970,301022,69090,176,1545,1222,2462,23414,18823,6017,7623,2241,3033,1
29672,25358,5320377,1458,1332,709,3067888,91662451,27452,102618,26957,139,472,709,1275,8688,5025,3046,4542,1243,1288,0
19385,16749,2944829,894,768,459,2024547,59288856,21499,81334,16997,131,260,459,831,4433,3037,1957,2365,795,1064,0
63351,57918,6077344,7796,3576,1278,5183957,214171329,52574,211609,63651,179,967,1278,2406,16300,15886,5860,5808,2316,2312,1
38435,33492,5802705,5721,1762,917,4561635,151628115,42730,163157,38707,208,1020,917,1671,12069,8782,3831,5248,1550,2225,1
26961,25428,5267252,3507,1974,613,3124081,70494227,29554,123111,26986,67,388,613,1180,7644,3866,2373,3286,922,1470,1
16107,17459,1904990,1388,676,321,1870111,45456568,16421,79859,17997,40,223,321,677,3394,3225,1122,1433,395,993,0
36275,40642,6522968,2760,2757,682,4065575,102062142,40034,202059,41939,122,525,682,1471,8182,5176,2382,3716,815,2342,1
17885,21361,3030094,1570,1020,315,1962261,46514820,17818,96671,18404,66,298,315,707,5017,3381,1042,2193,332,1118,0
14388,12338,2731242,1090,792,355,1295277,33053930,13531,50770,13138,70,295,355,641,3014,3521,1469,1349,598,861,0
44226,44305,7074143,2819,2697,960,4942860,109804834,36480,162457,41333,144,711,960,1924,8943,8508,3527,4012,1321,2003,1
7533,6648,877016,803,193,178,809549,17412335,8579,33218,6894,18,113,178,328,1806,1178,736,1001,296,318,0
31618,35321,3953915,2099,1108,634,2774522,81911229,25446,128010,38632,146,677,634,1365,8022,7067,2087,4628,716,1339,0
7306,6315,853861,869,358,132,867928,24195925,6376,24136,6683,19,124,132,240,1931,1843,737,863,299,448,0
21896,22287,5370086,2192,1268,636,2084279,89544188,24744,112162,27360,118,408,636,1289,6191,3700,1700,2311,629,1193,1
41542,48771,5144441,5420,2783,946,4111355,130174013,33670,179156,42230,159,853,946,2101,11793,9025,2502,5745,815,1541,1
39310,39838,4826609,5043,2944,871,3590674,157001256,42149,190135,41129,204,964,871,1758,10122,6673,3075,4754,1142,1720,1
47031,40449,3961499,2167,1255,760,4842471,77487247,38789,146002,35495,219,924,760,1373,10999,10826,4782,4162,1946,2424,0
38868,37437,4855142,6157,2696,834,3430768,163312190,42733,182193,43846,114,988,834,1628,7557,7164,3307,5366,1269,2189,1
46155,55570,6675550,7065,3342,836,4917862,178401586,54918,300692,52853,225,1152,836,1886,14809,7085,2649,6256,837,1879,1
46191,40206,5191877,2983,2373,685,4345089,72510784,54974,209658,35030,169,725,685,1248,11870,7215,4612,6451,1867,1828,1
17019,20645,2658641,1687,720,359,1566807,47013280,20258,111873,18251,38,537,359,815,5334,4354,962,2128,301,878,0
28251,27552,2892341,3471,827,509,2900285,68037313,30039,129849,24871,79,682,509,1003,7995,5735,2355,3438,897,1321,0
4060,3910,617671,569,143,89,409224,16800916,4309,18374,4543,24,116,89,174,758,575,345,438,132,190,0
9125,9642,1500836,1611,418,212,734849,41322485,9951,47032,11148,63,225,212,441,2742,1421,664,1299,239,413,0
8370,8143,1380863,638,542,247,886845,30416356,7817,33700,10114,38,205,247,486,2640,2169,700,911,267,423,0
39866,48202,5042656,3213,2690,901,4318159,130905842,32104,176627,49691,265,1120,901,2039,7043,8291,2269,5749,713,1718,1
11642,11030,1210653,1365,517,207,1140780,39640485,10667,44659,10835,60,160,207,400,2495,1744,1017,1484,394,599,0
31337,30425,3991570,3392,1903,729,3629709,96822583,31135,133919,31899,198,795,729,1430,7620,5580,2632,3895,1005,1335,1
4393,4656,894427,482,231,101,413897,13622530,4052,19219,4321,25,85,101,212,970,1121,318,436,114,242,0
9169,8241,845058,421,206,148,1039778,19363432,10516,41543,7008,21,135,148,277,1873,1439,871,810,347,442,0
10194,11776,2305892,612,665,243,882874,31994423,10311,53874,12183,40,328,243,534,2595,1625,632,1131,209,470,0
31278,37226,3675606,2560,2095,631,3675602,92396470,30567,165180,35073,123,466,631,1413,8665,6434,1835,2689,588,1282,1
35986,39686,6785773,5005,1665,791,3577859,121001039,42974,213074,38826,148,1117,791,1688,7389,5253,2431,5451,844,2141,1
42137,41739,5947340,3737,1542,959,3478010,86608383,50303,221231,39137,97,1168,959,1906,10106,10940,3424,4214,1292,2285,0
33617,34124,4500036,2785,1349,796,2723688,124499997,31104,140563,33841,200,485,796,1608,8929,7073,2622,4910,973,1785,1
23434,27673,3002827,2317,1261,412,1906399,54087737,22484,120426,24623,97,582,412,918,6078,3395,1396,2068,451,1161,0
25389,22281,3176975,1419,1238,469,2974531,87893710,27365,105307,24849,48,507,469,859,7659,4607,2503,2461,1009,1335,0
43084,45038,4011339,1999,2452,663,3469489,120530435,51696,241405,39281,117,440,663,1367,10281,8914,3197,4451,1161,2306,0
12991,11274,1580742,687,573,254,1174890,31828067,13634,51831,13232,27,278,254,463,4160,2990,1302,1909,528,819,0
55972,58211,6789082,8495,2479,1137,5897379,130849536,66537,308925,60827,270,865,1137,2335,14209,12569,4190,7029,1528,2488,0
41811,38081,4707325,2418,1865,948,4002599,113684501,43899,175961,39675,259,976,948,1781,12590,7524,3890,4938,1540,1466,1
39555,33549,6453234,2758,2908,1008,4182067,121110302,35924,133176,41372,202,1122,1008,1802,7098,9324,4108,5203,1682,2342,0
20964,18461,3134906,2595,1263,379,1799674,59722387,24165,93343,17693,63,215,379,696,5570,4673,2056,2184,827,1161,0
2090,1790,221401,123,114,42,229717,5969976,2483,9308,1943,4,35,42,77,610,418,213,201,87,100,0
14631,16930,2633480,1919,519,275,1463879,58973788,17226,90168,14884,48,402,275,606,4188,3499,905,2035,299,761,0
48112,54589,4813981,6593,4136,913,5540201,125714826,49476,253290,57435,131,750,913,1983,10733,10810,3087,6853,1043,1991,1
35559,31648,2994560,4485,1006,628,3613234,127917609,37216,145438,32264,152,484,628,1162,11479,8130,3430,5219,1374,1346,0
37419,34476,6829772,4860,1579,887,4187159,77424247,44208,179461,38073,106,929,887,1679,11451,8654,3419,4668,1346,1492,1
59982,51460,4788028,5120,2392,961,5098816,128732316,50316,188876,44732,161,1092,961,1731,11236,11114,6122,5765,2494,3563,0
43258,41481,6868728,4132,2642,1141,3602269,166017640,44088,187052,50543,325,745,1141,2220,13173,11106,3707,6623,1427,2200,1
48098,52953,6822691,3941,4038,1290,4705290,162139981,55692,275600,55213,211,829,1290,2750,13450,11603,3259,6001,1134,2682,0
7898,9164,1407846,839,496,173,694729,25089271,9178,48197,10479,34,224,173,382,2297,1129,486,1011,160,328,0
19262,22917,3599126,1606,1746,558,2025227,100669813,19123,103300,28343,115,740,558,1251,4107,4198,1131,1806,362,1187,1
19229,17433,2228180,1189,850,402,1673907,63196521,21523,85834,16106,43,255,402,754,5604,4282,1802,2893,715,1045,0
35524,39106,6617558,2455,871,748,3071278,106917952,38111,188582,33412,222,534,748,1594,11247,5729,2407,4839,837,1496,0
31849,35778,6239933,4124,1565,896,3515778,134620361,33188,168007,39217,221,1221,896,1935,6055,5998,2081,4047,710,2064,1
5880,7016,714933,545,345,112,691812,14758258,5925,32112,6941,32,157,112,252,1663,859,343,725,109,302,0
74072,69404,7026769,3961,1971,1399,6043882,218662901,71745,296696,76868,369,1362,1399,2679,23705,12393,6589,7161,2570,4260,0
39641,45088,5621799,5294,1689,1051,3577637,101304595,45544,233810,48109,287,901,1051,2287,10162,6387,2532,3486,853,1930,1
67925,79329,6801431,5866,2065,1160,5767433,220956126,56287,297722,76191,155,1157,1160,2568,20951,14404,4132,7273,1354,3385,1
9986,11343,1701733,1165,693,285,956524,46394769,11221,57525,12929,71,420,285,621,1840,1985,639,971,215,540,0
65688,57162,5662165,3419,3736,981,6245569,183663787,68274,260302,51476,200,1200,981,1786,12270,16825,6561,10108,2656,3419,1
5605,5321,1012905,454,304,119,630981,12082432,6588,27644,5380,18,83,119,231,1438,928,488,683,189,323,0
48881,42026,3979387,3724,2466,728,4765519,74222069,39635,149134,35056,89,424,728,1315,10232,8013,4973,6360,2024,2438,0
44093,40777,4967672,3606,2643,1043,4138540,130615653,36311,148014,40703,248,964,1043,1980,10194,10796,4005,6586,1573,1611,1
58001,50880,5615015,5620,4099,1146,5640190,153369262,56853,218678,62801,256,1156,1146,2098,15723,15016,5722,5095,2308,2875,1
4225,4404,729875,447,340,85,423517,18006216,3752,17471,5175,18,65,85,175,840,649,315,527,114,221,0
46526,53017,6997479,5068,1474,1132,5229644,113947304,43547,224020,51680,174,1284,1132,2467,14731,10995,2962,7114,997,1862,0
13546,15732,1866898,2237,1077,265,1541931,43390375,16148,84882,15959,77,348,265,585,2914,3163,832,1234,274,822,0
43679,49905,6792254,4299,1315,962,4662192,136323549,42933,221523,52413,200,1444,962,2099,12430,7074,2767,5099,928,2398,1
15318,13759,1947644,951,431,250,1766710,44568431,14248,56245,12526,27,144,250,466,3263,2460,1456,2255,581,786,0
60167,52929,6233801,5140,2827,1284,6322393,125768490,56417,217671,59335,235,1335,1284,2354,16932,13458,5910,5995,2380,3797,1
22403,26380,3982075,1930,646,480,2418996,84868657,26784,143000,24381,60,556,480,1068,5502,5051,1341,2304,435,1097,0
40929,38873,6336228,5633,1847,978,4750558,126706130,42391,177950,37906,200,853,978,1890,7916,6537,3562,3621,1379,2497,0
1558,1574,215480,177,50,34,166210,3639617,1635,7353,1753,5,46,34,70,391,270,122,160,45,98,0
9253,8251,1454377,1086,285,179,924709,24492093,9050,35444,7258,21,207,179,332,2981,1963,890,913,356,346,0
13387,13855,2023532,1163,644,308,1391700,35327796,14673,67760,13978,50,344,308,632,4287,2365,1010,1732,369,570,0
4634,4189,614501,634,157,86,422587,9499967,4944,19660,4321,15,64,86,162,1174,739,436,464,173,277,0
53756,49095,6681717,4955,3214,1296,4877889,111562070,63601,255707,49806,364,887,1296,2438,13870,7962,4980,7690,1969,2258,1
61264,52625,6222497,4208,1410,1424,6626630,208568154,58962,221634,52308,265,1186,1424,2568,17569,13302,6241,8942,2541,3116,1
38242,32736,6065632,3173,1805,916,3435046,156233741,44968,168394,40701,187,1035,916,1648,8752,6958,3916,5078,1597,1720,0
11715,12932,1164351,1138,748,204,1183409,38148041,10005,49664,11994,57,276,204,437,2620,2377,790,1346,274,465,0
26409,23389,4569755,3512,878,653,2969190,104206035,23710,92159,28785,136,687,653,1204,5987,4632,2567,4011,1030,1067,1
21388,21859,2243160,2384,852,390,1984109,58572212,21843,99467,21861,81,504,390,793,5372,3717,1649,2495,609,1102,0
22167,24592,3406269,3697,1402,578,2231349,95681776,25301,126289,30183,138,481,578,1238,6882,5135,1481,1930,511,1346,0
51279,45591,4083296,2062,1975,805,4318954,144632939,45798,178766,39561,233,670,805,1488,14422,13057,4955,6860,1986,1870,1
72038,80573,7139891,10235,2387,1240,7384753,280753910,63248,318608,72687,264,1347,1240,2669,20455,12309,4745,8908,1626,3934,0
35055,30292,3790191,3168,1928,718,3432753,92796869,34787,131618,29259,136,562,718,1300,7357,6381,3539,3530,1437,2037,1
58170,60368,4679062,5838,3853,934,4835480,199126791,66602,308495,57380,126,680,934,1916,10183,12711,4371,6402,1596,3351,1
7653,7038,1194654,506,311,146,907216,24653738,8730,35370,7272,42,127,146,276,2060,1291,701,863,276,474,0
10569,11431,1204508,1061,765,168,1183510,25027114,8692,42169,10342,19,133,168,354,2640,2378,739,1264,261,617,0
34041,29552,4290889,1827,1633,654,3655308,71784491,40444,153802,30555,193,439,654,1188,8218,7251,3412,3133,1383,2097,1
21945,18875,2883474,1725,672,526,2090946,80881769,24926,93828,23557,153,332,526,950,5162,4290,2231,2308,908,910,0
60495,54192,5940841,2420,3549,1103,6698025,149088473,54581,214821,47740,154,661,1103,2049,17993,8633,5777,5632,2307,3088,1
35497,35059,6134357,4009,1543,699,3664013,128216547,28868,126548,33702,200,639,699,1388,8107,7701,2898,4896,1095,1361,1
36623,36123,4661939,4908,2047,792,4060731,112779889,39549,173118,34971,159,995,792,1571,8272,7084,2997,3509,1134,1571,0
42275,38445,5564495,5859,3004,1008,4210450,125006098,45096,180455,41164,197,1297,1008,1892,7599,8867,3943,4277,1563,1923,0
12563,13074,1509812,789,482,246,1493638,33143310,13473,62607,11711,72,212,246,506,2403,2783,939,1812,342,614,0
63629,64643,5861108,2967,3601,1155,7139956,193784681,73726,333490,57000,302,758,1155,2336,15979,11300,4957,8337,1838,2568,0
34719,35742,4305698,3310,2173,663,3680054,91500653,40662,186662,36540,131,447,663,1353,6181,6051,2644,3361,971,1841,0
39108,37920,5189255,4398,1052,917,3710813,156930480,41216,177025,39814,183,910,917,1797,7839,9951,3291,3563,1258,1626,0
26511,23437,3418247,3165,880,538,2832752,61230130,30132,116893,21931,60,383,538,990,5942,6420,2584,2301,1038,1285,1
38487,42231,4711433,6900,3280,803,4389806,128170615,35412,174592,46898,153,829,803,1709,12357,7361,2623,3751,915,1405,1
38381,32722,3579937,2965,1885,661,3233490,89950720,38955,145233,31226,73,563,661,1186,7078,9330,3955,5154,1615,2018,1
29034,25607,2689231,2830,832,491,3387573,60766391,24964,96593,24832,80,509,491,902,5162,5000,2840,3475,1142,1628,0
65607,66651,6052339,7868,3539,1034,7832306,211272706,67006,303085,60136,191,1428,1034,2090,14008,15431,5111,8408,1896,4183,0
10145,9952,982803,1376,293,200,843899,31568141,11629,50601,9724,22,153,200,395,3153,1471,837,1327,318,569,0
36779,37095,6038256,4815,2771,732,3545044,106483546,39421,176883,38686,203,945,732,1474,9286,5645,2900,3709,1081,1791,1
49303,43900,6348060,2539,2484,874,5661809,176362523,54736,214011,44509,196,599,874,1616,8699,10168,4753,4940,1903,2923,1
11469,10255,1169455,513,439,222,1280882,30768009,12453,48914,9941,46,161,222,412,2968,2185,1098,1653,439,599,0
63999,72747,6981741,9895,2015,1317,7663374,145480689,61123,313558,69841,138,1615,1317,2864,16372,10513,4093,5504,1381,3732,1
85387,75882,6647203,4626,2435,1250,7421732,137585636,74047,288893,66865,374,1042,1250,2308,18170,16671,8257,13296,3310,4637,1
20312,18454,2606106,1256,1383,512,2178884,49983624,22864,91396,21566,132,430,512,961,4798,4106,1897,2371,752,1209,0
20164,19173,2971426,1265,1380,567,2172886,79468410,18580,78098,22463,138,667,567,1097,5815,2891,1751,1995,677,724,0
9639,9597,1719263,1345,383,218,782128,41971708,8804,38946,10845,55,289,218,436,2119,2122,776,1218,292,415,0
39551,37477,3698958,5048,2270,769,4447464,84000229,47292,198020,36547,197,490,769,1484,11865,6195,3455,4694,1339,1666,0
9661,10583,1183002,1126,706,178,835704,28372603,8376,41219,10013,45,208,178,379,2781,1990,660,1041,230,470,0
57396,52873,4142013,5107,2372,803,5398677,115748715,51358,208449,45064,109,988,803,1521,12798,8718,5246,6408,2065,3515,0
27754,27448,3241418,1418,1515,525,2870187,73242034,31220,137059,22965,104,356,525,1044,5728,4292,2261,3245,854,1437,1
6445,6675,622586,775,181,106,617400,21416003,7188,33222,5852,16,141,106,218,1286,1060,485,800,177,327,0
10794,11065,2032435,754,431,234,866357,24904373,9901,45238,9903,67,151,234,476,2661,2206,828,1573,305,644,0
29571,31812,6419438,4140,1231,757,2660070,111265026,27061,130488,36885,220,530,757,1589,5657,7046,2087,4258,741,1706,1
51542,47345,3649232,3542,1263,777,5981033,144048163,58318,235953,43177,133,611,777,1469,13429,9756,4732,5350,1866,1834,1
42888,47656,6160093,3638,1337,780,3866548,118181707,42870,214364,40126,162,1027,780,1673,13420,8097,2858,4910,986,2656,0
27006,27090,3751477,1749,1360,576,2575774,81133077,30127,134368,23651,158,561,576,1155,6692,4872,2149,2324,804,1617,1
29459,33814,6015556,3089,1876,619,2368267,109890699,27217,141170,31574,109,456,619,1356,6023,6786,1850,4484,618,1663,1
57796,57610,5285907,7209,2075,1071,5152989,159156576,60176,266495,49660,298,1238,1071,2138,12181,12081,4648,6143,1746,2338,1
26975,25897,2420910,2757,875,468,2720918,94253566,26703,113439,24748,124,626,468,912,5347,4631,2307,2540,887,1538,0
7177,8121,885086,851,555,133,835718,20759621,7909,40368,8136,27,200,133,289,1903,1491,462,808,156,376,0
26579,25484,2872545,2713,1489,570,2526828,94866452,28624,121426,24868,140,574,570,1109,7715,5362,2278,3863,877,1146,0
64805,76748,6917601,3742,3757,1067,6173593,193264866,56859,305544,64345,277,740,1067,2382,15357,13672,3839,7548,1238,3918,0
54459,55870,4988822,2726,1344,918,4790535,137493575,62703,286730,49027,139,941,918,1869,11227,9859,4173,5987,1537,3414,1
33728,36638,3827407,2921,801,634,3839498,67590074,33517,163390,31489,72,814,634,1341,8167,7101,2340,4942,824,2173,1
13787,12324,1451870,1433,590,214,1538036,34846182,11579,45469,10844,45,233,214,398,2823,2228,1321,1633,528,760,0
9480,8375,1146391,469,234,163,770814,21227045,8435,32700,8769,22,154,163,301,3024,2287,925,1125,371,522,0
5193,5096,717593,826,418,117,557462,14519203,5708,24849,5763,32,126,117,233,1584,834,428,603,162,331,0
19927,17899,3137625,2554,843,533,2108418,65443580,17343,68467,19887,71,458,533,992,6086,4194,1895,1997,755,989,0
24511,27140,3238483,2704,1525,520,2369768,48432189,26198,130486,23698,121,445,520,1112,5511,3506,1644,2335,569,953,0
14285,16917,1570105,2152,951,219,1372372,30709786,15277,82094,14651,46,273,219,489,4086,3454,846,1739,272,916,0
17901,15611,1461965,1408,1067,314,2071576,44431653,15045,57501,14783,51,286,314,573,3360,3286,1782,2587,720,717,0
41393,35924,4835918,3640,917,916,4667369,85733720,43466,165238,34701,219,704,916,1664,8295,10174,4151,3656,1682,2164,1
3813,3753,583734,456,272,76,321245,7633144,3986,17409,3708,22,91,76,151,1003,826,313,480,118,227,0
36511,42971,5464546,4057,1474,558,3998314,83056108,38067,203123,36187,77,584,558,1241,10281,6656,2188,4314,711,1934,0
19198,17537,2041431,2811,836,388,1903660,65047554,21976,88374,19848,70,392,388,731,5153,4859,1778,2002,703,1081,0
39429,46492,6336045,4749,1819,1008,3293388,198426046,36265,193912,57281,194,1151,1008,2245,12309,7635,2355,3782,763,2060,0
45909,44058,5745884,4337,1460,966,5483175,176871486,54050,229512,49848,270,884,966,1880,13974,10683,3929,4414,1512,2644,1
28189,33037,3803793,4533,1104,499,2966191,72521488,30160,160166,32433,77,525,499,1107,8657,4802,1703,3239,556,1570,0
38385,33412,5059290,3680,1909,903,4518895,76036491,42300,161325,34324,264,918,903,1643,6952,9473,3832,3601,1551,1610,0
50339,50470,6157257,3810,1477,1044,4596035,127204044,50100,223314,55319,187,1321,1044,2092,11590,11515,4009,4285,1500,3258,0
50624,60993,7072181,8734,4171,997,5142264,195078841,53786,294726,62831,208,1485,997,2249,14310,10614,2902,4443,916,2911,0
32072,31510,3843262,4245,1550,518,2907538,61648154,36263,158042,28853,114,384,518,1024,6270,7109,2641,4556,1002,1869,0
25171,30412,5730336,3500,1541,617,2400578,79413472,20178,110923,30340,104,859,617,1396,6821,5708,1435,2703,451,1358,1
20037,23263,3537036,1988,1146,381,1760002,77447907,18264,95963,21609,92,318,381,841,3771,3962,1232,2845,406,965,1
13783,12446,2487091,2095,1004,384,1436926,36363490,12674,50327,15128,104,387,384,718,3182,3148,1299,1596,517,740,0
5281,4892,698343,655,186,98,459729,18834122,5654,23095,4981,25,81,98,187,958,1282,478,459,187,208,0
4793,4356,474957,600,236,88,438974,8503331,4111,16444,4211,22,72,88,165,1234,1186,447,478,177,189,0
9680,8251,1771067,872,376,251,863239,27648084,8154,30395,9192,26,141,251,451,2558,1690,997,1462,407,394,0
18572,17737,2262002,1123,755,337,1850956,61237492,15347,64823,17098,62,235,337,654,5279,4779,1602,2106,618,993,0
3328,3901,603578,411,154,63,393652,10563092,2890,15356,3922,9,54,63,140,646,712,201,423,65,198,0
71234,62467,6222234,4108,3870,1221,6488369,114676883,70617,271515,56335,218,1466,1221,2234,15896,12803,7031,6670,2836,3152,1
28138,24435,4330729,3812,1362,674,3186033,85985780,23907,90946,27407,130,617,674,1225,7496,4175,2819,3366,1142,1468,0
12776,11352,1801150,991,344,260,1329751,38598622,13093,51074,13292,59,235,260,480,3526,2540,1235,1800,495,715,0
67159,76550,6400654,4702,2954,1032,6283140,213310193,77631,399481,64362,196,816,1032,2248,19226,17458,4274,5735,1438,3624,1
24965,24381,3472559,2212,911,392,2037180,49582330,23738,102772,22005,52,239,392,773,7326,4406,2076,2382,790,1173,0
51949,45656,4943137,5647,2583,1121,6124076,118525830,49382,190332,44318,320,1013,1121,2054,14211,7958,5110,5511,2059,3063,1
41001,49046,5473080,6000,1340,827,4878062,101354594,44400,241320,43991,166,631,827,1858,10382,8879,2383,4655,759,1498,1
4075,3807,636697,572,299,79,428294,12986106,3428,14135,4405,17,86,79,152,1151,878,364,511,142,159,0
20232,19696,2626731,1485,1409,443,2329274,53406537,16758,72296,19921,75,465,443,872,3784,3559,1691,2374,645,985,0
43083,50018,5368578,7952,2290,849,3707500,204404806,36342,190941,55540,207,1145,849,1873,12352,6858,2650,4407,874,1873,1
38173,37979,4810439,2866,2490,943,3445647,164859627,39484,174497,42957,275,1189,943,1881,12191,8865,3079,4061,1158,1910,1
25192,27049,3394183,1733,1011,516,3014368,110454406,26616,128070,32213,124,387,516,1083,6242,6305,1784,3487,634,1212,0
36440,36331,4265429,3815,1851,745,3838020,107592816,42716,189227,43900,101,467,745,1488,11337,7296,2929,4387,1100,2141,1
62652,58998,7067829,3989,2088,1300,7338650,219365397,68564,285112,73120,290,1415,1300,2498,15468,9785,5529,6510,2151,3056,0
38053,39640,5016510,4244,2161,643,4216674,97980208,35130,163403,35111,115,761,643,1323,12269,6476,2841,3411,1034,1951,1
44854,49436,6884773,7321,3285,1022,3968619,208186453,38918,192828,55848,160,852,1022,2180,10623,9247,3034,4531,1054,2266,1
9068,9320,1414282,868,535,178,867742,17851074,8233,37731,7836,18,143,178,363,1992,1711,692,1098,254,470,0
9960,8984,1480496,1569,490,252,988897,27483772,10572,41930,10765,28,150,252,471,2162,2036,941,1382,374,463,0
29511,25166,2984947,2255,1679,506,2754094,87731318,26171,97598,26713,102,587,506,909,5520,6052,3040,4224,1241,1639,0
8057,7555,1803710,550,249,226,689924,21016532,8903,36852,9300,61,166,226,434,2594,1952,715,1198,279,291,0
36337,40860,4312708,6244,3154,828,3484279,126540594,32607,165249,43181,129,1057,828,1790,11118,5847,2370,3644,808,2297,1
8791,8957,873602,1075,405,145,706650,26437733,7730,35080,8392,25,197,145,295,2667,1421,681,921,252,563,0
12928,12029,2118958,2086,587,381,1126240,38477010,14236,58425,15022,101,457,381,727,2899,2336,1163,1943,455,605,0
36439,35735,6508314,2404,1022,734,3340205,121915817,42536,185007,32987,202,1011,734,1450,11223,8458,3010,3198,1143,2011,1
21352,22478,4431304,2430,1531,477,1830852,87208335,19852,93439,22992,58,392,477,987,5655,4777,1565,1860,565,867,0
55069,48260,5561897,2344,2979,1045,4836455,151045105,52291,200913,45320,174,785,1045,1911,11804,9017,5441,4835,2195,3509,0
24275,24140,3165911,1897,865,405,2504661,61713357,19597,86563,21932,90,293,405,808,7728,4474,1960,2679,737,994,0
17626,18003,1630963,1558,1358,323,1624709,68876871,19843,90295,18467,71,418,323,657,5646,3409,1360,2147,502,932,0
44540,45166,6013486,5621,1684,900,3882343,97186123,49118,221721,37785,190,1150,900,1818,8208,8909,3480,3866,1292,2583,0
40387,47826,5480827,4974,3737,822,4429077,196300328,47562,255557,52017,184,662,822,1835,12706,6535,2393,5526,771,1878,1
6013,6549,812276,775,280,110,543336,16771202,6251,30562,6596,32,147,110,233,1214,1091,415,890,145,316,0
4153,4693,950700,721,177,121,462306,21603380,4848,24709,5769,27,183,121,263,903,895,268,479,91,226,0
13513,14139,2537478,1252,504,322,1492445,50526522,14360,67126,16646,34,323,322,665,2820,2046,1001,2040,363,517,0
34275,39982,5554466,4640,3088,797,3488048,118678653,35639,188258,49519,133,887,797,1762,10115,5977,2089,4255,685,1970,0
49749,42939,5537084,7641,2702,1056,5676062,199883189,53869,203552,51634,169,1156,1056,1911,13649,7554,5031,4426,2044,2476,1
22949,22496,2412662,1930,1660,440,2653811,53775256,20116,87450,23439,90,538,440,870,7030,5150,1897,2832,720,1149,0
84604,74785,5268623,8856,1769,1168,7926588,157751693,97052,376430,62467,210,1040,1168,2149,21950,18458,8249,7930,3315,4284,0
30077,30712,3726777,3862,1072,751,2883325,77478160,32718,148838,32206,201,729,751,1524,6337,7135,2323,4171,858,1443,0
53421,49086,4559207,6467,2174,880,5296281,185850171,58990,238756,46691,178,1032,880,1664,13618,13382,4902,4813,1932,1999,1
15157,15471,2557215,1600,1255,315,1363672,76035056,16118,73292,19143,69,208,315,639,4359,3391,1171,2330,433,616,0
28464,30707,3716871,3456,1126,677,2308176,106904924,30213,146147,32088,71,474,677,1425,9171,6827,1999,4145,708,1046,1
22895,22644,3864882,1416,1280,567,2467047,86415605,23199,101856,24983,121,463,567,1127,4161,4821,1865,3033,704,1051,1
52098,55452,6305475,5314,1598,1165,5884580,104154651,55505,264468,48592,127,1392,1165,2429,13023,9307,3747,5103,1342,2927,0
26621,22643,3394983,2923,1530,515,2190201,82475416,25506,94851,23409,153,427,515,923,8589,5122,2753,2643,1125,1398,0
11023,11316,1279970,1186,311,231,1231088,30207320,10434,47753,11096,50,288,231,471,3038,2052,843,1399,310,544,0
84135,72908,6649032,3658,4205,1389,7587026,178464156,68972,261759,61247,156,1106,1389,2521,14771,14880,8458,8773,3430,2981,1
23637,23708,2523853,2104,1579,394,2764322,45953816,20729,92443,21836,117,252,394,791,5486,4233,1881,2939,704,1198,0
41107,41405,5379986,4051,1997,741,3535235,122903148,48404,216867,41801,121,553,741,1491,9358,9216,3249,6029,1212,2033,1
11689,12895,1971296,1776,973,237,1082055,29317616,11902,59037,13340,53,193,237,506,2526,2771,789,1753,274,415,0
1737,2099,196063,260,51,28,146585,7117917,2076,11417,1852,7,34,28,65,541,374,99,264,31,99,0
18259,20257,2894565,1464,1371,376,1754432,83034751,15628,78009,22824,72,382,376,805,5160,3293,1220,2705,421,851,1
15259,13893,1918359,2205,557,417,1627387,59485127,16925,67816,15686,117,345,417,783,3139,3773,1420,1755,562,579,0
20539,20909,2157949,1228,1321,375,1914505,71439741,22493,101977,18598,103,229,375,759,4338,4127,1594,2048,590,1232,0
60779,64748,6989170,9342,4430,1226,5885229,298187491,67534,322091,74914,214,1343,1226,2557,18682,11185,4365,9245,1562,2397,1
17439,18409,2121404,2525,892,296,1724161,42231754,18353,86644,18334,58,212,296,615,3104,3710,1272,1737,458,675,0
46834,40319,4693485,4624,1608,870,4454191,136741290,55669,209763,43727,176,980,870,1572,12456,7520,4755,5318,1934,2959,1
40523,34501,5470508,4021,1724,821,4001021,116680146,42754,159157,30706,244,608,821,1471,9759,6970,4184,5816,1710,1908,1
44367,40822,4037877,3550,2339,651,4450196,119294767,45229,183331,34721,129,524,651,1231,13883,6816,4063,4186,1600,1822,1
72382,77525,6393235,6580,4921,1193,8194968,232181354,66454,318859,74307,132,1567,1193,2497,21317,10663,5150,8040,1835,4136,0
50793,49993,6825382,2733,2972,910,4994681,115776119,58256,254401,49112,271,1019,910,1802,15231,11478,4171,6848,1580,2568,0
12864,14267,2221603,795,603,335,1210900,36631176,14704,73374,14555,85,265,335,719,4138,2517,860,1620,297,695,0
41770,44653,5750917,2964,1150,661,4834044,119508836,49546,237232,38058,73,787,661,1382,10159,7911,2981,3845,1064,1612,0
20030,20524,2573531,1896,797,413,1803466,54183198,16256,74239,20370,87,388,413,841,4736,3843,1538,2720,567,987,0
28776,28970,6257107,2073,2565,760,3139968,74386185,33870,151667,36043,117,517,760,1527,5928,6973,2276,3386,849,1413,0
24141,22829,3192970,1555,1453,384,1972347,53276119,25182,105209,20533,49,360,384,741,5350,5275,2116,3181,821,895,0
64789,64038,7018122,7082,2494,1200,5579406,176316128,70526,309422,57531,120,967,1200,2383,19135,13387,5284,8385,1996,4024,0
23919,26030,2159867,1713,578,411,1941165,76325046,27140,132576,22838,67,564,411,869,6973,4158,1654,2415,581,1504,0
40711,42791,5793101,7115,3249,859,4678394,166831193,36829,173035,51921,251,983,859,1776,9638,9565,2992,5895,1082,1960,1
5685,5481,914758,417,234,111,582078,10289609,5293,22595,4594,23,127,111,218,1365,1033,482,717,185,306,0
33981,38786,3683551,6272,1509,669,3093042,93623821,32320,166578,43103,150,893,669,1460,8011,4869,2157,3295,724,1961,0
62921,69885,7128474,8161,3520,1260,6689722,146637443,69301,346358,60918,184,1422,1260,2701,19936,9487,4197,6751,1448,2886,0
18671,18244,3236038,2098,936,385,1959028,56689280,18474,80032,19247,97,308,385,759,5283,2627,1551,2890,590,999,0
35071,29755,3523388,2028,1590,607,4119969,97301518,32133,119162,27290,164,492,607,1085,8032,4947,3641,4957,1490,2275,1
27822,33448,4207208,1674,780,471,3230589,102833484,28091,153551,29523,49,422,471,1061,7889,4152,1601,3983,507,1500,1
13002,11786,1984609,1160,605,245,1099898,42283757,10488,41826,11372,54,161,245,460,3369,2668,1218,1297,483,652,0
20898,23944,4197793,1133,747,507,1830679,82501578,20968,108533,22346,87,339,507,1108,4662,3268,1317,2360,440,813,1
21605,21681,3186397,2507,1108,382,2469454,68647993,22810,101783,21151,113,338,382,766,4168,4710,1718,3104,642,1199,0
21716,25998,3698635,3021,798,516,2375381,78563939,25262,137432,28165,88,642,516,1161,6904,4419,1260,3192,401,994,0
1200,1091,233332,155,98,28,114473,3144976,1380,5522,1330,8,17,28,54,307,270,111,134,44,63,0
49769,44593,6202657,2121,1345,943,4115643,117077745,52511,206724,38736,155,529,943,1751,9488,9662,4751,7071,1897,2668,1
8287,9879,1158545,744,324,142,904554,28831841,7771,42077,8719,37,192,142,319,2084,2082,484,795,155,470,0
13687,16092,2127848,697,825,289,1111763,31502782,12541,66839,13561,77,299,289,644,2472,3400,822,2069,267,823,0
2620,3087,308487,333,94,52,234016,10861762,2228,11905,2729,12,37,52,116,689,558,156,350,50,129,0
15653,18110,2096637,2170,1153,295,1324770,44614222,13987,73201,16035,76,293,295,649,4360,2885,969,2264,320,895,0
54184,57842,4962286,3684,2370,896,6492061,204050059,51778,247522,55464,117,1086,896,1872,11863,10464,3877,5341,1385,1897,1
12727,11202,1157906,793,493,175,1366203,32874037,14797,57128,9532,23,193,175,322,3166,3284,1249,1535,503,603,0
25704,25705,3661721,3203,1235,446,2405534,73159545,27750,123345,23347,57,597,446,893,4602,5856,2056,3429,771,1551,1
51237,47633,6903573,7004,2701,1222,4277966,204661517,59160,242549,59479,292,1466,1222,2328,12396,12644,4615,4715,1808,2128,1
5837,6347,864643,481,338,109,592719,23085317,5883,28717,6320,12,96,109,231,1382,1486,404,819,142,373,0
29732,29194,5680490,1754,1052,690,3028277,87081614,29002,126313,31029,115,664,690,1364,7690,6660,2451,4589,930,1711,1
64273,60201,6349210,8757,2510,1229,5329105,248287768,69833,288679,64087,159,1362,1229,2353,12062,12006,5721,6695,2232,2948,1
9484,10050,1359088,1392,622,205,1122054,31348762,9382,44490,10966,52,271,205,428,2695,1669,687,1075,247,465,0
63342,72641,5824941,4343,2720,1042,7045942,141964990,70438,364976,66904,193,1104,1042,2280,16264,12238,3986,6246,1332,2666,0
27924,31754,3407156,2529,1280,500,2981615,75186536,32429,166437,28882,110,423,500,1088,7290,4702,1784,3255,601,1471,0
23678,26282,3441584,3181,656,522,2223073,69307547,27657,138129,23999,55,740,522,1118,7472,4696,1581,3295,546,872,1
28075,32430,5590867,3684,1426,671,3044804,84362714,23664,123625,37929,73,954,671,1474,6082,5927,1743,3072,578,1126,1
45984,45501,4783193,4928,1511,1002,4457872,143117084,46472,204142,42379,141,922,1002,1990,9825,9368,3743,4667,1413,2484,0
10373,9834,1399481,887,670,260,862174,42551824,10297,43142,10925,72,237,260,502,3028,1525,905,918,350,659,0
42452,42128,5692555,2337,1134,951,4536922,98469532,43676,192476,42036,281,587,951,1893,12085,6139,3439,6253,1296,2739,0
60548,58126,5899242,6740,3482,1244,5719273,134933373,61081,259465,67160,251,1472,1244,2422,13126,12160,5180,7547,1992,3010,0
14344,12460,2177151,627,509,275,1311332,23060366,15506,59006,11003,70,201,275,500,3473,3614,1436,1296,582,909,0
45728,47706,3845907,4164,1819,730,5365972,157115314,40393,188200,44930,100,975,730,1503,14361,9093,3405,4056,1239,1919,0
8987,7631,975213,626,221,162,1056670,20732689,10335,38362,7756,23,149,162,290,2068,1299,931,1270,381,408,0
10844,10780,1804071,942,282,221,929811,40320129,12702,56086,10802,31,301,221,441,1954,1764,876,1345,329,640,0
1389,1512,217716,199,94,23,122626,3511579,1477,7221,1346,5,22,23,49,324,290,95,167,33,65,0
40109,44226,5352228,4572,3052,1041,3228628,183358120,39130,193981,54845,121,1473,1041,2220,9299,8999,2710,3715,941,2281,1
41596,35479,3607651,4646,1252,749,4040093,125478991,43443,162041,32626,83,541,749,1344,10642,10128,4283,5053,1749,2410,0
14907,17410,2997740,1994,1059,366,1505625,81414996,14298,75634,20853,96,421,366,811,4737,2402,906,1730,297,675,0
41790,43446,6764434,7233,3087,1020,4345137,143936327,36231,168153,53493,244,1232,1020,2094,8148,6418,3130,6294,1142,2695,0
43793,48761,3927822,4688,2442,697,3807800,158692884,44665,223860,41550,104,716,697,1496,11812,8102,2908,4847,1001,1537,0
31161,35219,4430461,5647,2257,784,3233307,164111852,32711,166732,41318,219,875,784,1699,8490,4393,2014,3411,683,1377,1
29401,33018,6043087,3077,1341,709,3449140,105241823,24355,123253,39884,76,487,709,1530,7705,6200,1922,3638,656,1619,1
45489,54508,6304520,3812,3651,812,5212333,171070958,44847,244225,51113,95,1215,812,1826,8190,7589,2635,3856,837,2892,0
28554,29397,3210185,1281,655,444,3349399,93680159,31610,145122,25386,58,462,444,907,5848,5265,2175,3158,799,1353,0
7627,9219,890599,542,220,138,821603,24671273,7911,43518,8509,30,143,138,314,1766,1912,434,948,136,402,0
24097,24846,3365215,3218,743,461,2824551,62063475,21825,100370,27784,71,611,461,942,5693,5079,1830,2169,671,865,1
5109,6005,885210,540,386,116,490380,18907592,5630,30003,6233,26,109,116,259,1551,1229,306,528,99,282,0
22992,25853,3805581,3119,1041,541,1917104,73424511,27462,139169,24173,125,813,541,1170,6018,5614,1500,2878,511,1256,1
33946,32633,4795600,6041,1523,806,2985163,117697576,29384,125008,40355,102,1075,806,1570,6617,8377,2897,4676,1113,1662,0
34774,40534,4936197,2772,1611,716,3827768,114452595,40865,215681,36349,138,581,716,1582,8929,7598,2123,5356,697,1951,0
10113,10561,1946838,1077,398,222,876272,32469281,11134,51935,10817,27,273,222,457,1971,1574,751,1262,273,471,0
19713,19436,2670257,1211,1261,442,1855305,42930630,19796,86617,18970,84,548,442,877,4190,2936,1614,2821,611,872,0
4617,5542,740692,572,290,85,418251,17752522,4419,24115,5448,24,109,85,192,990,671,266,616,84,250,0
36320,41373,4762127,3584,2430,781,2949883,150300829,42606,219096,46774,183,663,781,1702,6775,7380,2314,5428,779,1560,0
57379,67012,6905883,4090,1930,1213,4641310,267297899,48471,256383,72203,182,1122,1213,2684,10861,8141,3490,5304,1143,3610,0
36910,32174,6009321,4279,974,1001,4347970,100111037,39441,150658,38951,209,1040,1001,1824,7935,7721,3677,5175,1487,2008,1
52085,44218,5376709,6422,1697,1035,5595195,116378716,49754,184637,44565,270,745,1035,1851,16578,12988,5402,7108,2211,2637,1
26941,28875,5138781,1590,1342,583,2663075,106539768,26327,126420,27204,152,393,583,1222,7537,4398,1914,3284,681,1745,1
26301,27398,3825140,1562,1983,625,2257414,87636578,26604,123750,30273,148,820,625,1285,6730,6459,1963,3575,715,1312,1
5361,4593,468338,360,219,87,492187,12518334,5718,21438,4376,15,101,87,157,1043,1320,548,542,223,201,0
26215,23885,3754503,3052,1595,518,2999340,100383024,29367,117760,26505,127,512,518,973,4914,4396,2438,2468,965,973,1
1816,1753,208744,156,138,41,179228,6967828,2055,8788,2027,7,41,41,82,483,271,153,212,59,85,0
9367,9749,2238487,863,607,266,963741,38815948,10723,49831,11635,60,179,266,547,2569,1371,700,1426,255,477,0
15940,14118,2700837,826,722,337,1418705,27603850,16328,63471,13729,57,324,337,621,3341,2382,1549,2072,622,849,0
48543,58914,6881859,4129,4988,1036,4906400,152580001,46074,254573,68088,193,1367,1036,2349,10716,6896,2744,5568,858,2578,0
39391,39600,4543663,2446,3111,868,3310905,102037312,41735,186586,42805,90,710,868,1743,7185,8329,3123,6028,1167,1615,1
43010,45646,5011769,5259,1380,881,4341470,154987473,38837,184447,48308,253,912,881,1833,7609,10704,3109,4442,1116,2226,1
52714,50178,5570111,4423,3489,986,4544208,199018388,60400,254177,54607,139,787,986,1909,9750,10152,4572,6855,1767,2395,1
77664,66684,6802624,5596,2728,1530,7938905,256239160,67349,253038,66996,403,1920,1530,2758,20164,12966,7918,7551,3225,4767,1
25792,25962,2908282,1241,1649,417,2147685,61823629,22670,101499,23629,87,367,417,838,7659,5508,2040,2859,761,1395,0
68092,72577,5969326,3885,5067,1090,6038071,219698471,78650,375333,68017,209,1105,1090,2274,12144,17597,4886,6262,1748,2635,1
13561,12123,1689141,1223,876,255,1294660,38862012,15677,61566,11973,55,273,255,474,3424,3519,1299,2092,519,581,0
70580,62565,5684731,5046,1920,1210,5808404,140223862,73944,287691,63810,328,1169,1210,2231,18335,17114,6851,8786,2750,2985,1
40512,37673,2976301,4434,1187,569,4197452,92403910,38845,159307,32066,115,739,569,1085,9067,7477,3647,5164,1429,1899,0
34234,34167,5157282,3684,1333,704,3776768,87338077,36374,161319,36873,192,667,704,1407,7923,4962,2747,3990,1031,1740,1
43160,36576,5977395,2805,1737,959,4799546,123173657,41675,154355,39621,220,1147,959,1714,10810,8604,4488,5447,1838,2043,1
44650,41057,5352648,2780,3107,808,3687009,108041231,37145,150462,42174,127,643,808,1528,8326,9458,4092,4611,1612,2764,1
33949,37393,5005408,4028,1351,644,2812034,137910762,34655,171587,37317,71,674,644,1374,7875,7825,2298,4942,799,1713,0
66500,60276,6651342,4358,3674,1252,7427235,187530637,58359,232680,50512,356,865,1252,2343,21314,11046,6235,6659,2475,2863,0
19537,23055,2675132,2247,630,339,2316407,77420017,18105,96900,22588,73,442,339,756,5474,3742,1165,2831,377,876,0
9423,10660,1189722,594,357,183,826593,43553741,11274,57528,11148,34,134,183,397,2433,2022,608,813,206,414,0
42111,45032,4630970,3680,2548,776,4766049,146846180,43325,207515,45500,230,1000,776,1623,13039,9136,3004,3607,1072,2540,1
56083,58136,5303624,6068,2835,852,5818720,147836742,63806,295171,48897,87,667,852,1746,16093,14371,4222,7723,1543,2628,0
16737,17230,1874639,906,392,308,1870062,56960273,14349,65874,15114,79,300,308,628,3695,2660,1275,1452,468,729,0
17078,15336,2126068,1852,593,349,2035562,53093081,19607,77379,14488,82,249,349,649,5323,3506,1624,2052,648,868,0
39411,40637,5684633,5886,1845,1012,4476649,115390091,43344,199329,47659,242,1371,1012,2067,12133,7650,2994,5869,1099,2401,1
51281,59775,4901181,3433,3603,763,4660789,197542980,41348,218230,50123,92,668,763,1687,13386,12638,3130,5774,1028,3006,1
81351,89731,6830473,5588,4401,1268,6670590,256297678,97109,481576,74792,251,829,1268,2705,25553,14367,5494,10807,1908,3737,1
14695,12805,1518175,1689,756,283,1753586,43410675,15604,59583,13424,43,297,283,517,3514,3025,1464,1971,592,661,0
26897,29215,3106758,1644,1544,539,2859241,90493419,22078,107619,24361,102,478,539,1139,5460,4876,1867,4014,657,1226,0
11026,9442,1941237,1241,441,301,1054826,37686993,10752,40281,10954,88,307,301,542,2630,1803,1128,1698,460,593,0
26602,25049,4253973,2329,791,545,2738850,83571732,29673,123382,21390,114,484,545,1047,7817,6379,2348,3576,913,1138,0
15241,16141,1713625,1627,424,299,1400716,29901898,13459,63773,13545,83,341,299,622,4295,2998,1105,2022,397,760,0
12452,12263,1972838,1399,381,266,1259150,44056465,14477,63260,14718,53,283,266,528,3555,2031,1021,1736,386,633,0
47294,52629,6255640,5323,3051,948,4967939,165906408,49032,245588,56203,248,1045,948,2034,9575,8084,3144,5855,1083,2707,1
27880,25312,3700975,2486,1848,589,2777244,71352683,30626,122329,27534,63,501,589,1105,6194,3909,2607,3015,1034,1805,0
31824,38152,5795789,4971,1982,642,2970587,72564727,26038,141878,34095,82,541,642,1445,6804,6205,1842,4588,585,1902,1
21498,22950,2791482,1482,1526,420,2178312,43762244,20593,98447,21710,102,357,420,877,4987,3157,1538,2947,549,1127,0
26054,23573,2988911,2686,867,395,2869998,75396222,29869,118855,21085,103,280,395,740,6441,5609,2449,3068,973,1652,0
13348,12303,1492785,1070,516,263,1542673,32308170,12130,49267,13428,67,200,263,499,2341,2099,1218,1222,479,710,0
26360,23305,5131957,1943,937,686,2194712,63038128,24415,94717,28274,73,579,686,1262,7968,4948,2569,2491,1032,1272,0
16206,13810,1835531,1446,989,300,1835238,32512557,14445,53829,14602,32,357,300,539,2880,2986,1671,1716,682,1031,0
8509,10256,1229164,505,578,206,806983,25666337,9817,53819,9697,33,225,206,466,2684,1524,487,1033,153,481,0
29882,30398,4146395,2651,866,462,3157473,58429616,33485,151690,25428,46,290,462,935,8074,4331,2322,4643,860,1905,1
11008,12633,2278963,1701,872,233,930131,23928056,11352,58871,11729,62,301,233,511,3047,1725,691,1010,231,500,0
42449,39491,6459881,3628,3101,994,4496697,108412770,39090,160390,47163,272,795,994,1894,11228,9712,3819,4018,1496,2100,1
65519,68571,6809975,4357,2094,1241,5736769,138208982,69719,325989,57651,268,1337,1241,2558,18758,12204,4852,7226,1761,3781,1
5063,4755,864485,637,174,106,449053,14487853,5561,23063,5794,30,79,106,204,1549,1081,448,583,174,310,0
5363,5330,761568,348,238,115,540102,13146234,6152,27161,4788,23,141,115,231,1536,1313,433,504,163,261,0
12609,13135,2037948,972,581,315,1304393,56687513,10808,50278,14261,80,315,315,648,3772,2852,941,1527,342,699,0
19826,20614,2868755,1768,475,323,2283713,53551788,18816,87338,17489,62,270,323,664,6316,4516,1485,2308,541,938,0
26044,26629,4186200,3892,1701,716,2443890,73225888,27301,124380,32233,162,728,716,1454,7782,6758,2007,2923,741,1485,1
9389,9913,1239630,1232,433,135,806236,28968649,8731,41228,8403,27,110,135,281,1894,2100,684,1088,246,493,0
28240,27657,3481124,3234,806,639,2438712,105837503,23049,100103,31075,94,498,639,1262,5025,6787,2338,2528,888,1611,0
8223,7174,832751,751,505,164,811850,32137763,7655,29271,8871,21,205,164,299,1691,1297,818,1172,330,446,0
18987,18683,2375215,2654,584,381,1802171,86330089,20497,89485,21792,90,396,381,755,5191,3090,1560,1883,591,744,0
26740,30784,4540393,2646,921,590,3123066,58738177,24505,127532,26028,88,638,590,1294,8004,3884,1670,3013,556,1210,1
14597,14093,1639245,1273,804,243,1514827,32201391,14541,62161,14221,53,175,243,475,3327,3080,1237,1503,474,527,0
46215,46313,4518856,6161,2479,902,5166577,193719808,49299,219630,50196,260,649,902,1808,8123,6755,3684,4081,1379,1989,0
34491,40016,3437229,5345,2744,614,3983903,110902577,39592,207856,40128,145,776,614,1354,10525,7043,2124,5147,701,1293,1
25917,24355,3709669,2070,871,522,2453108,91455319,30062,124725,24056,65,689,522,1003,4812,5115,2294,2676,893,1311,1
37411,34047,3870724,3371,2482,803,4474109,92668138,41461,166048,42359,185,508,803,1507,9223,8698,3485,3869,1381,1433,1
64826,65668,5148047,6680,3913,1009,5944974,187466509,63072,284373,59150,180,751,1009,2037,17943,11320,5075,7077,1886,3473,0
14128,14968,2389634,1609,445,282,1178799,42965803,15297,72513,16595,81,362,282,588,3985,3290,1024,1457,368,742,0
8047,8466,1008503,716,609,184,896047,33419984,9360,44025,10308,45,118,184,382,2575,1380,590,964,213,369,0
51119,47407,5556966,2884,3548,1046,4846679,116627433,60677,248096,53626,200,1361,1046,1989,15719,9062,4623,5293,1813,3294,1
8074,9320,1308072,878,728,210,707109,42089304,7374,38493,11231,61,247,210,462,2372,1696,501,749,166,294,0
32507,30422,3494015,2127,987,607,2841335,111086808,34281,141585,31629,72,433,607,1161,6899,5661,2897,4313,1131,1416,0
16674,15783,3387726,871,759,404,1981588,62665735,15427,64520,16124,86,378,404,780,4274,2980,1459,1934,566,928,0
67183,59982,5274888,3979,1348,981,7083548,158660662,71548,280573,53781,109,1214,981,1818,19444,15128,6449,7756,2580,3434,1
25556,26810,5490635,2131,1872,601,2707599,95117112,20625,96699,30079,134,720,601,1242,8149,4599,1884,3845,682,927,1
25748,25481,3798401,2818,1609,718,2361247,116126180,29882,131285,31493,179,486,718,1427,7571,6142,2095,2701,791,1474,1
41463,38073,6164480,2316,2436,876,4767805,119214047,39146,158321,33544,237,739,876,1655,8785,9239,3809,4760,1502,1663,0
27893,31787,3906082,4557,1552,573,2893194,104567668,31883,164039,35222,112,655,573,1250,5813,4237,1775,2979,597,1531,1
42219,45928,7016432,6931,2750,867,3763691,155456347,36126,176392,52270,146,732,867,1834,9050,9658,2922,3682,1027,2106,0
24238,25304,2577921,1593,1860,484,2234217,106161709,21622,100823,28458,95,668,484,997,6990,5440,1802,3724,655,1481,0
14957,15674,3324123,1568,800,358,1758256,61603572,14090,65983,18755,69,246,358,739,3378,3267,1105,1602,400,883,0
41882,46371,5386164,2530,1989,943,3674630,119781518,34466,171648,49736,259,1059,943,2018,10718,9568,2809,4581,972,2046,1
38177,45173,7097039,6950,3277,897,4415982,204808727,36662,196815,52955,174,1014,897,2001,8417,5907,2265,4726,731,1431,0
44747,40031,3544634,4213,1332,753,4635795,128837127,49771,195602,38992,134,578,753,1397,10759,10972,4282,4707,1711,2574,1
22098,21266,2739628,2053,869,343,2501286,60701262,23281,99163,19815,83,306,343,670,5221,4774,1883,2851,723,1205,0
66434,66133,6712826,10806,4670,1314,6661567,270144767,64376,284681,75177,337,1113,1314,2622,18357,15695,5354,10219,2014,2664,1
51659,54088,5234468,2809,3040,1045,6170712,158443762,61138,286000,47765,164,760,1045,2156,15080,7646,3823,5076,1387,2631,1
22339,24573,3246681,2485,947,401,1877719,52311614,18709,92499,22517,76,415,401,854,4508,4686,1516,2657,527,1367,0
32114,33263,4243104,1833,2647,723,3502317,71840845,32029,148038,35850,92,1016,723,1481,8557,5103,2421,2843,885,1382,1
27019,31597,3209455,3987,2400,540,2426352,90914657,29289,155154,35260,125,608,540,1196,7063,5375,1639,3710,536,973,0
12994,14901,2128803,1750,777,348,1218966,44997391,11466,59416,16813,76,237,348,763,3249,2472,817,1977,273,634,0
13148,11159,1858630,1046,797,289,1316300,46198189,13651,50647,13308,80,264,289,517,3479,2731,1364,1993,558,736,0
48100,45043,3575059,5430,1618,751,4553729,130861385,48431,200160,41374,85,998,751,1437,8682,11725,4283,4744,1671,2902,1
11802,11115,2407973,1289,657,291,1182653,47773132,12400,51573,13142,55,346,291,560,3374,2610,1041,1121,405,504,0
37748,34984,5080782,1695,1161,774,4207946,106710735,40852,166916,31923,187,916,774,1471,11935,8976,3417,4137,1341,1994,1
20286,18473,3156316,1354,889,451,2377438,49382922,22408,89802,17300,131,318,451,847,3669,4878,1888,2837,747,924,0
55311,58818,7125740,4512,1820,1386,4809729,182862283,53227,253352,59856,222,1979,1386,2887,9963,12921,3985,5521,1428,2988,0
19865,21735,4879859,3334,1643,513,2283931,85359558,22299,109587,22586,88,495,513,1090,3961,3601,1361,2377,476,960,0
34472,37074,4765596,3697,1916,651,3549910,125150289,30527,147151,37471,177,511,651,1368,8265,7269,2435,2949,864,2214,0
60453,56409,5504827,4677,3721,1117,6652236,136913476,48585,200008,60591,167,1192,1117,2134,13855,11156,5413,5794,2116,3276,1
24947,27923,4296180,4055,967,711,2248224,83852468,22809,114996,31450,105,629,711,1532,5190,5382,1641,3149,562,1243,1
8136,7257,1229513,462,393,166,946447,18298256,7501,29389,6850,38,161,166,308,2285,1585,782,913,313,408,0
25537,26033,2749886,2590,746,504,3063212,93772180,27589,125276,26402,115,596,504,1023,6203,6626,1977,2447,731,941,0
11696,11401,2165581,1905,757,267,1156090,32758868,10173,43954,13574,47,249,267,526,2967,2721,975,1567,372,604,0
20356,18736,3304125,2570,1051,424,2085563,44599234,19026,77152,21610,81,269,424,803,6184,4134,1863,2405,733,807,0
12811,13925,1484091,1900,501,280,1319122,37505155,14332,69921,14709,29,387,280,592,2866,2889,888,1506,312,673,0
33074,32150,5162256,4397,2169,711,3416530,111295075,32987,142074,37674,152,511,711,1396,10747,5674,2772,4807,1058,1372,0
51725,44949,3964622,2676,1989,748,5182716,128612187,47500,180829,37628,163,559,748,1361,11960,10470,5177,6488,2097,2982,1
89978,76786,6648487,8369,3664,1419,9553749,161387928,97156,362596,65695,394,984,1419,2548,15773,21513,9259,12837,3781,5235,1
27579,24881,2864739,4205,1740,547,2364431,91863754,32612,129359,30366,100,488,547,1021,6757,5559,2605,4084,1036,1611,0
33539,33759,3745185,1906,1362,663,2789539,120594327,29727,133088,35734,95,767,663,1332,6229,8192,2653,3125,990,1772,1
28044,29111,6055836,2230,1175,758,2352925,87708260,25397,117676,35327,150,976,758,1555,6170,7278,2106,3222,769,1476,0
21245,23933,3103053,2046,1297,485,1823115,72440279,25463,129314,24574,93,355,485,1049,4921,4402,1381,3211,470,1226,0
44301,44087,6135273,6462,1425,1090,5072727,142112495,39905,176405,51078,250,1193,1090,2174,12929,8609,3572,5477,1344,2265,0
30110,27229,2470112,2170,985,429,3119481,84118400,30630,121817,23517,71,273,429,802,5743,4300,2833,4464,1126,1398,0
40966,46929,5242287,3686,2812,818,3947102,127716620,45753,236781,48867,118,1151,818,1789,11472,8472,2583,4683,864,1526,1
40214,41079,5311059,4689,2570,902,4732816,143133474,46648,212295,39445,129,1196,902,1831,8295,7159,3104,5705,1147,2373,0
9071,10271,1788020,1409,584,189,851998,35219215,7729,39480,11773,35,270,189,411,2337,2172,584,1266,197,563,0
72800,68638,6904137,5325,2465,1459,8575849,202088535,66852,278368,65168,328,1452,1459,2806,14932,12565,6412,8675,2492,4634,1
39582,46975,4091144,2876,3219,677,3783281,135003919,35283,190055,44080,199,543,677,1514,11856,7455,2335,5021,751,2553,1
8418,8088,1163082,744,236,157,719712,26014674,7938,33755,7528,45,187,157,307,2415,1893,719,776,276,521,0
15999,14715,2333815,1966,435,448,1845626,38007189,17187,69641,16994,130,306,448,847,4629,2371,1465,1604,577,645,0
25203,22743,3738466,2948,1468,564,2372171,98440443,27700,109905,26296,83,729,564,1053,7774,3706,2379,3235,946,1227,1
19749,22590,3816631,3506,1162,579,2227895,77674132,17244,89091,26433,172,490,579,1265,5558,3244,1248,2364,418,785,1
43637,40899,5310445,5111,1533,621,4799423,85017311,46170,191001,34285,159,813,621,1189,11631,9893,3880,5560,1513,1702,0
29233,31300,2911529,2505,1382,547,2785742,103432185,31684,151973,32112,65,438,547,1146,9118,7299,2081,3359,741,1765,0
28976,30948,4432160,2379,1063,782,2780688,84155285,33572,160581,33980,185,911,782,1635,8434,5893,2071,2797,740,1495,0
9701,8910,1323684,495,595,200,1100920,21513015,10556,42708,8586,47,257,200,378,2034,1706,890,1133,351,548,0
15203,18345,1743798,2119,1002,254,1464344,64764646,14389,78988,16849,71,184,254,575,3014,2657,868,1964,273,968,0
19403,16952,1782179,1292,1068,345,2316655,50746739,17260,66099,18026,71,294,345,631,5458,4557,1926,1859,778,710,0
22842,24760,3338860,3691,868,516,1963509,55189979,25565,124328,26480,67,492,516,1089,6230,4163,1591,2425,561,1306,1
8697,9497,756308,473,521,141,1035474,22317674,8148,39956,8611,33,163,141,299,1896,1542,598,1002,209,393,0
63585,59181,4844236,3035,2719,1009,5328818,124821385,62669,257262,51387,211,1160,1009,1923,17418,9209,5717,8916,2238,2591,1
32167,33137,3681906,3962,1313,655,3547520,133490157,35555,163342,39767,119,453,655,1337,9025,5807,2447,2703,899,1761,1
52810,45463,4606744,4409,1751,1052,4663772,209370608,56163,211618,53772,222,1298,1052,1900,16246,13144,5362,4491,2181,2467,1
54676,49413,6777805,3157,2292,1087,4421392,99593069,44639,177405,42795,224,1166,1087,2031,14896,11547,5150,4626,2047,3275,0
6976,7364,878264,556,229,120,628842,14115313,6136,28973,6699,19,119,120,250,1630,1513,508,664,183,295,0
8965,9172,1333748,864,535,161,750089,24736373,9631,43909,9351,38,210,161,328,2594,1511,690,1395,254,429,0
50651,46633,5949985,7355,2912,1279,5360884,147008574,54146,219628,51230,331,940,1279,2420,14306,10359,4633,4479,1824,3124,0
69976,61779,4831885,3641,3437,1022,7814490,155816800,62754,243078,52043,136,979,1022,1878,20830,17926,6835,10516,2749,3342,1
58062,55011,6302246,4688,4313,1163,6256578,184506293,69673,291689,58431,163,1084,1163,2244,11053,10838,5074,5327,1967,3735,0
42002,38953,6229534,3917,1453,878,4006977,122214477,46309,189353,48362,132,514,878,1670,8482,10688,3798,4079,1490,2436,1
26870,28591,2345959,1780,991,437,2256152,64000036,27754,132199,25822,63,290,437,911,7081,5543,1933,2535,692,1254,0
23919,24349,3908485,3747,1497,601,2320461,84599278,26564,120432,27119,132,789,601,1218,5574,5358,1857,2914,687,1118,0
27780,31480,6460105,1985,2059,705,3025051,72935117,32213,164681,32760,172,712,705,1531,7404,7056,1786,2828,604,1136,1
28975,33915,4160967,3658,2039,599,2458945,121875312,25723,136402,35874,108,508,599,1329,7559,6113,1755,3227,573,1269,1
45954,52401,6688385,4102,3591,1003,3994141,185780181,46256,238142,51965,135,982,1003,2186,8931,6645,2922,5306,982,2780,1
30283,30784,6519098,1881,1253,716,2714565,82869062,25074,113494,33958,149,1004,716,1449,7656,5226,2356,3460,873,1327,1
3408,3008,309195,225,159,57,305151,10903285,3448,13356,2879,12,42,57,105,748,855,332,345,133,219,0
5968,5374,731157,565,351,145,524338,19104817,6386,25280,6482,35,88,145,271,1661,1327,565,801,225,290,0
38834,36190,5586021,2333,2100,891,4203437,119259182,44126,181395,39777,149,968,891,1701,10070,8493,3484,4052,1363,2143,0
15013,17282,3092012,2325,1003,336,1459394,37283882,16472,85716,17838,47,276,336,738,3584,3657,938,1421,312,636,0
32830,39621,3941037,4222,1288,610,2897265,74622310,33430,183534,35014,122,787,610,1379,9637,7647,1876,3371,590,1347,1
6134,5435,559049,403,333,105,718038,18785316,7084,27555,5096,16,96,105,194,1958,1226,595,755,239,277,0
39719,41717,6445057,6155,2012,936,3728274,115772991,43304,203285,42692,151,1232,936,1935,9105,10011,2923,5229,1058,1853,0
30100,29895,4649166,3139,1996,561,3457675,57915586,31361,138333,27108,149,673,561,1118,7057,6607,2435,4388,917,1801,0
25509,25222,3866883,1522,1663,623,2717609,63959028,30115,132178,26829,127,729,623,1238,7796,4737,2079,2581,785,1602,1
70237,59769,6635938,7366,3440,1511,8157561,132832424,77739,289226,61097,263,997,1511,2707,18526,10310,7259,5973,2968,3920,0
60618,64211,6823523,4349,1798,1046,5289542,213847752,55172,261469,59663,211,1170,1046,2174,18594,9210,4397,6668,1581,3366,0
8247,9868,1319880,469,440,130,987969,26530998,7436,40434,8488,28,113,130,293,1760,1902,479,911,152,387,0
17875,18727,3315689,1292,868,431,1922764,66843993,16536,77410,17835,113,477,431,889,5683,4183,1321,2212,479,640,0
27401,30462,2604889,3603,1078,502,2489769,75018759,23952,119838,27121,142,682,502,1077,8448,6694,1824,3887,629,1624,0
13564,13115,1723428,1975,711,294,1181742,38138317,14355,61465,14080,50,367,294,575,3303,3466,1146,2084,439,638,0
4178,4669,559739,434,328,70,348684,14940701,4661,23461,4527,7,65,70,152,1318,703,275,637,94,227,0
12649,12899,1458388,1773,388,220,1418931,44008137,11987,54450,12035,22,193,220,447,2337,1981,979,1601,362,718,0
5169,5658,859801,386,304,143,449872,20784894,4404,21661,6615,32,176,143,304,1641,904,353,643,123,288,0
23737,25355,2999907,2578,1571,455,2009983,67685027,19638,93945,25631,74,621,455,952,6068,4482,1696,2110,606,1011,0
37879,32413,3290694,1746,1659,735,3459349,101820708,36004,134768,32959,220,589,735,1323,7421,7017,3881,5098,1583,1370,0
54090,63457,6411158,4612,2793,920,4629294,191272073,45612,242497,60305,233,1315,920,2042,10054,8563,3262,6889,1063,2130,0
48411,45866,3957027,1966,1441,769,4715349,110505430,44431,186008,38632,106,879,769,1485,13421,10197,4230,7217,1640,3104,1
15815,16896,2423915,1161,1363,426,1856043,59548819,14703,70352,20179,77,306,426,890,3281,3036,1130,1477,403,791,0
6265,5545,929649,453,371,129,518872,13659079,6004,23326,6707,32,139,129,238,1218,998,609,757,244,235,0
11766,10109,2226048,1211,706,296,1231778,26041863,13425,50479,12240,36,307,296,534,2460,2263,1198,1248,487,610,0
33263,28453,3356619,2343,982,693,3768737,56667248,37444,140107,25381,82,754,693,1247,7473,7144,3410,2859,1391,1863,0
36026,34210,4684998,3947,1505,591,3159162,102885645,37276,156447,29621,85,789,591,1142,8667,5370,3136,3085,1214,1343,0
16977,15742,1343049,1265,566,243,1610813,28007094,14972,61209,13199,33,180,243,463,5457,3182,1535,2217,602,686,0
11242,12650,1693255,1375,780,233,1324349,44760957,11132,56460,13113,40,180,233,504,2614,2188,732,1276,249,528,0
52542,59879,6941634,7130,3156,1033,5832797,126856311,46799,240780,57679,288,1149,1033,2250,11310,8800,3344,4424,1125,2485,1
35877,32344,4633961,2697,1212,755,3555750,116102776,35416,140374,34782,208,471,755,1408,10274,7369,3392,4014,1350,2184,1
1273,1394,189230,109,66,24,103736,3637391,1342,6604,1536,5,20,24,53,254,222,87,122,30,63,0
42414,42439,5871072,5002,1305,1096,3928680,173958623,39335,174940,44247,209,1117,1096,2193,9363,6824,3389,5224,1270,1741,0
28505,32864,5004099,4208,1284,822,3040590,129220056,29680,154717,37870,226,546,822,1805,7315,6244,1776,3351,590,1526,1
24093,24966,4310391,4379,1571,708,2250895,75694988,23663,109423,30292,158,501,708,1451,7515,5607,1815,3257,663,1464,0
42622,36601,6512378,2608,1274,944,4214698,82766397,47664,179105,35293,154,628,944,1702,11572,8335,4344,4561,1769,1612,1
58402,51229,6353493,2473,2364,965,4798675,104675034,54422,209318,48007,244,887,965,1767,12062,14203,5762,8679,2324,2762,1
23962,22350,2619844,1208,1356,489,2193413,46784747,26367,108496,22594,97,383,489,934,4468,4482,2147,3477,839,1355,0
65016,63390,7093327,5601,2070,1452,5652368,193039638,74383,321434,63686,392,1209,1452,2856,18679,10234,5423,7421,2067,3241,1
32808,34921,4471823,3236,2485,575,3372533,83837159,30726,146406,35366,61,678,575,1199,6388,6046,2359,4183,845,1494,1
